,id,day,month,year,weekday,hour,minute,matchday,status,leagueName,leagueId,leagueType,stage,homeName,homeId,awayName,awayId,scoreHomeHt,scoreAwayHt,scoreHomeFt,scoreAwayFt,h2hHomeWins,h2hHomeLosses,h2hAwayWins,h2hAwayLosses,h2hDraws,h2hAvgGoals,h2hMatches
0,441764,5,5,2024,7,10,15,32.0,FINISHED,Eredivisie,2003,LEAGUE,REGULAR_SEASON,PSV,674,Sparta,6806,2.0,2.0,4.0,2.0,4.0,0.0,4.0,-4.0,1.0,14.0,5.0
1,441766,5,5,2024,7,10,15,32.0,FINISHED,Eredivisie,2003,LEAGUE,REGULAR_SEASON,Heracles,671,RKC,683,0.0,2.0,0.0,5.0,2.0,-3.0,2.0,-2.0,0.0,14.0,5.0
2,444594,5,5,2024,7,10,30,35.0,FINISHED,Serie A,2019,LEAGUE,REGULAR_SEASON,Cagliari,104,Lecce,5890,1.0,0.0,1.0,1.0,0.0,-1.0,0.0,0.0,4.0,11.0,5.0
3,441767,5,5,2024,7,12,30,32.0,FINISHED,Eredivisie,2003,LEAGUE,REGULAR_SEASON,Volendam,1919,Ajax,678,0.0,1.0,1.0,4.0,0.0,-4.0,0.0,0.0,1.0,18.0,5.0
4,441765,5,5,2024,7,12,30,32.0,FINISHED,Eredivisie,2003,LEAGUE,REGULAR_SEASON,Utrecht,676,Vitesse,679,0.0,0.0,1.0,0.0,2.0,-1.0,2.0,-2.0,2.0,6.0,5.0
5,436297,5,5,2024,7,13,0,36.0,FINISHED,Premier League,2021,LEAGUE,REGULAR_SEASON,Chelsea,61,West Ham,563,3.0,0.0,5.0,0.0,3.0,-1.0,3.0,-3.0,1.0,15.0,5.0
6,444596,5,5,2024,7,13,0,35.0,FINISHED,Serie A,2019,LEAGUE,REGULAR_SEASON,Verona,450,Fiorentina,99,1.0,1.0,2.0,1.0,1.0,-3.0,1.0,-1.0,1.0,11.0,5.0
7,436295,5,5,2024,7,13,0,36.0,FINISHED,Premier League,2021,LEAGUE,REGULAR_SEASON,Brighton Hove,397,Aston Villa,58,0.0,0.0,1.0,0.0,1.0,-4.0,1.0,-1.0,0.0,16.0,5.0
8,444595,5,5,2024,7,13,0,35.0,FINISHED,Serie A,2019,LEAGUE,REGULAR_SEASON,Empoli,445,Frosinone,470,0.0,0.0,0.0,0.0,3.0,-1.0,3.0,-3.0,1.0,11.0,5.0
9,442074,5,5,2024,7,13,30,32.0,FINISHED,Bundesliga,2002,LEAGUE,REGULAR_SEASON,Union Berlin,28,Bochum,36,0.0,3.0,3.0,4.0,1.0,-3.0,1.0,-1.0,1.0,20.0,5.0
10,441763,5,5,2024,7,14,45,32.0,FINISHED,Eredivisie,2003,LEAGUE,REGULAR_SEASON,AZ,682,Twente,666,0.0,1.0,2.0,1.0,1.0,-3.0,1.0,-1.0,1.0,12.0,5.0
11,436299,5,5,2024,7,15,30,36.0,FINISHED,Premier League,2021,LEAGUE,REGULAR_SEASON,Liverpool,64,Tottenham,73,2.0,0.0,4.0,2.0,3.0,-1.0,3.0,-3.0,1.0,21.0,5.0
12,442071,5,5,2024,7,15,30,32.0,FINISHED,Bundesliga,2002,LEAGUE,REGULAR_SEASON,Frankfurt,19,Leverkusen,3,1.0,2.0,1.0,5.0,1.0,-4.0,1.0,-1.0,0.0,21.0,5.0
13,444597,5,5,2024,7,16,0,35.0,FINISHED,Serie A,2019,LEAGUE,REGULAR_SEASON,Milan,98,Genoa,107,1.0,1.0,3.0,3.0,4.0,0.0,4.0,-4.0,1.0,16.0,5.0
14,442072,5,5,2024,7,17,30,32.0,FINISHED,Bundesliga,2002,LEAGUE,REGULAR_SEASON,Heidenheim,44,Mainz,15,0.0,1.0,1.0,1.0,1.0,0.0,1.0,-1.0,1.0,3.0,2.0
15,441769,5,5,2024,7,18,0,32.0,FINISHED,Eredivisie,2003,LEAGUE,REGULAR_SEASON,Feyenoord,675,Zwolle,684,2.0,0.0,5.0,0.0,5.0,0.0,5.0,-5.0,0.0,18.0,5.0
16,444599,5,5,2024,7,18,45,35.0,FINISHED,Serie A,2019,LEAGUE,REGULAR_SEASON,Roma,100,Juventus,109,1.0,1.0,1.0,1.0,1.0,-2.0,1.0,-1.0,2.0,13.0,5.0
17,444600,6,5,2024,1,16,0,35.0,FINISHED,Serie A,2019,LEAGUE,REGULAR_SEASON,Salernitana,455,Atalanta,102,1.0,0.0,1.0,2.0,1.0,-3.0,1.0,-1.0,1.0,21.0,5.0
18,441768,6,5,2024,1,18,0,32.0,FINISHED,Eredivisie,2003,LEAGUE,REGULAR_SEASON,Excelsior,670,NEC,1915,0.0,0.0,0.0,3.0,2.0,-2.0,2.0,-2.0,1.0,18.0,5.0
19,444603,6,5,2024,1,18,45,35.0,FINISHED,Serie A,2019,LEAGUE,REGULAR_SEASON,Udinese,115,Napoli,113,0.0,0.0,1.0,1.0,0.0,-3.0,0.0,0.0,2.0,17.0,5.0
20,442991,6,5,2024,1,19,0,32.0,FINISHED,Ligue 1,2015,LEAGUE,REGULAR_SEASON,Lille,521,Olympique Lyon,523,2.0,0.0,3.0,4.0,2.0,-2.0,2.0,-2.0,1.0,17.0,5.0
21,436298,6,5,2024,1,19,0,36.0,FINISHED,Premier League,2021,LEAGUE,REGULAR_SEASON,Crystal Palace,354,Man United,66,2.0,0.0,4.0,0.0,2.0,-2.0,2.0,-2.0,1.0,13.0,5.0
22,494873,7,5,2024,2,22,0,4.0,FINISHED,Copa Libertadores,2152,CUP,GROUP_STAGE,Rosario,2070,Mineiro,1766,0.0,0.0,0.0,1.0,0.0,-2.0,0.0,0.0,0.0,4.0,2.0
23,494874,7,5,2024,2,22,0,4.0,FINISHED,Copa Libertadores,2152,CUP,GROUP_STAGE,Caracas FC,5167,Peñarol,5184,0.0,1.0,0.0,1.0,0.0,-2.0,0.0,0.0,0.0,6.0,2.0
24,494886,8,5,2024,3,0,0,4.0,FINISHED,Copa Libertadores,2152,CUP,GROUP_STAGE,Club Nacional,7055,River Plate,6667,0.0,2.0,2.0,2.0,0.0,-1.0,0.0,0.0,1.0,6.0,2.0
25,494850,8,5,2024,3,0,0,4.0,FINISHED,Copa Libertadores,2152,CUP,GROUP_STAGE,Palestino,4460,Flamengo,1783,0.0,0.0,1.0,0.0,1.0,-1.0,1.0,-1.0,0.0,3.0,2.0
26,494885,8,5,2024,3,0,0,4.0,FINISHED,Copa Libertadores,2152,CUP,GROUP_STAGE,Táchira,5171,Libertad,9379,1.0,0.0,1.0,1.0,0.0,-1.0,0.0,0.0,1.0,5.0,2.0
27,494837,8,5,2024,3,2,0,4.0,FINISHED,Copa Libertadores,2152,CUP,GROUP_STAGE,Universitario,4268,Junior,4439,1.0,1.0,1.0,1.0,0.0,0.0,0.0,0.0,2.0,4.0,2.0
28,494813,8,5,2024,3,22,0,4.0,FINISHED,Copa Libertadores,2152,CUP,GROUP_STAGE,Talleres,2073,Barcelona SC,4520,2.0,0.0,3.0,1.0,1.0,0.0,1.0,-1.0,1.0,8.0,2.0
29,494801,9,5,2024,4,0,0,4.0,FINISHED,Copa Libertadores,2152,CUP,GROUP_STAGE,Alianza Lima,5680,Cerro Porteño,9373,0.0,1.0,1.0,1.0,0.0,-1.0,0.0,0.0,1.0,3.0,2.0
30,494814,9,5,2024,4,0,30,4.0,FINISHED,Copa Libertadores,2152,CUP,GROUP_STAGE,Cobresal,7913,São Paulo,1776,1.0,1.0,1.0,3.0,0.0,-2.0,0.0,0.0,0.0,6.0,2.0
31,494838,9,5,2024,4,0,30,4.0,FINISHED,Copa Libertadores,2152,CUP,GROUP_STAGE,Botafogo,1770,LDU de Quito,4528,1.0,1.0,2.0,1.0,1.0,-1.0,1.0,-1.0,0.0,4.0,2.0
32,494849,9,5,2024,4,2,0,4.0,FINISHED,Copa Libertadores,2152,CUP,GROUP_STAGE,Millonarios,4444,Club Bolívar,4261,1.0,0.0,1.0,1.0,0.0,-1.0,0.0,0.0,1.0,7.0,2.0
33,494861,9,5,2024,4,22,0,4.0,FINISHED,Copa Libertadores,2152,CUP,GROUP_STAGE,San Lorenzo,2071,Independiente,6989,2.0,0.0,2.0,0.0,1.0,-1.0,1.0,-1.0,0.0,4.0,2.0
34,494862,9,5,2024,4,22,0,4.0,FINISHED,Copa Libertadores,2152,CUP,GROUP_STAGE,Liverpool,7118,Palmeiras,1769,0.0,1.0,0.0,5.0,0.0,-2.0,0.0,0.0,0.0,9.0,2.0
35,494825,10,5,2024,5,0,0,4.0,FINISHED,Copa Libertadores,2152,CUP,GROUP_STAGE,The Strongest,4267,Estudiantes LP,2051,1.0,0.0,1.0,0.0,1.0,-1.0,1.0,-1.0,0.0,4.0,2.0
36,494802,10,5,2024,5,0,0,4.0,FINISHED,Copa Libertadores,2152,CUP,GROUP_STAGE,Colo-Colo,4410,Fluminense,1765,0.0,0.0,0.0,1.0,0.0,-2.0,0.0,0.0,0.0,4.0,2.0
37,442084,10,5,2024,5,18,30,33.0,FINISHED,Bundesliga,2002,LEAGUE,REGULAR_SEASON,Augsburg,16,Stuttgart,10,0.0,0.0,0.0,1.0,0.0,-4.0,0.0,0.0,1.0,14.0,5.0
38,444606,10,5,2024,5,18,45,36.0,FINISHED,Serie A,2019,LEAGUE,REGULAR_SEASON,Frosinone,470,Inter,108,0.0,1.0,0.0,5.0,0.0,-5.0,0.0,0.0,0.0,15.0,5.0
39,443002,10,5,2024,5,19,0,33.0,FINISHED,Ligue 1,2015,LEAGUE,REGULAR_SEASON,Brest,512,Stade de Reims,547,1.0,1.0,1.0,1.0,1.0,0.0,1.0,-1.0,4.0,9.0,5.0
40,442998,10,5,2024,5,19,0,33.0,FINISHED,Ligue 1,2015,LEAGUE,REGULAR_SEASON,Nice,522,Le Havre,533,1.0,0.0,1.0,0.0,1.0,-3.0,1.0,-1.0,1.0,9.0,5.0
41,436306,11,5,2024,6,11,30,37.0,FINISHED,Premier League,2021,LEAGUE,REGULAR_SEASON,Fulham,63,Man City,65,0.0,1.0,0.0,4.0,0.0,-5.0,0.0,0.0,0.0,21.0,5.0
42,442078,11,5,2024,6,13,30,33.0,FINISHED,Bundesliga,2002,LEAGUE,REGULAR_SEASON,1. FC Köln,1,Union Berlin,28,1.0,2.0,3.0,2.0,1.0,-3.0,1.0,-1.0,1.0,9.0,5.0
43,442080,11,5,2024,6,13,30,33.0,FINISHED,Bundesliga,2002,LEAGUE,REGULAR_SEASON,M'gladbach,18,Frankfurt,19,1.0,1.0,1.0,1.0,0.0,-2.0,0.0,0.0,3.0,13.0,5.0
44,442085,11,5,2024,6,13,30,33.0,FINISHED,Bundesliga,2002,LEAGUE,REGULAR_SEASON,Freiburg,17,Heidenheim,44,1.0,1.0,1.0,1.0,2.0,-1.0,2.0,-2.0,1.0,12.0,4.0
45,442083,11,5,2024,6,13,30,33.0,FINISHED,Bundesliga,2002,LEAGUE,REGULAR_SEASON,RB Leipzig,721,Bremen,12,0.0,1.0,1.0,1.0,3.0,0.0,3.0,-3.0,2.0,13.0,5.0
46,436311,11,5,2024,6,14,0,37.0,FINISHED,Premier League,2021,LEAGUE,REGULAR_SEASON,West Ham,563,Luton Town,389,0.0,1.0,3.0,1.0,3.0,-1.0,3.0,-3.0,1.0,13.0,5.0
47,436303,11,5,2024,6,14,0,37.0,FINISHED,Premier League,2021,LEAGUE,REGULAR_SEASON,Bournemouth,1044,Brentford,402,0.0,0.0,1.0,2.0,0.0,-3.0,0.0,0.0,2.0,10.0,5.0
48,436305,11,5,2024,6,14,0,37.0,FINISHED,Premier League,2021,LEAGUE,REGULAR_SEASON,Everton,62,Sheffield Utd,356,1.0,0.0,1.0,0.0,3.0,-1.0,3.0,-3.0,1.0,8.0,5.0
49,436310,11,5,2024,6,14,0,37.0,FINISHED,Premier League,2021,LEAGUE,REGULAR_SEASON,Tottenham,73,Burnley,328,1.0,1.0,2.0,1.0,4.0,-1.0,4.0,-4.0,0.0,13.0,5.0
50,436312,11,5,2024,6,14,0,37.0,FINISHED,Premier League,2021,LEAGUE,REGULAR_SEASON,Wolverhampton,76,Crystal Palace,354,0.0,2.0,1.0,3.0,1.0,-4.0,1.0,-1.0,0.0,16.0,5.0
51,436308,11,5,2024,6,14,0,37.0,FINISHED,Premier League,2021,LEAGUE,REGULAR_SEASON,Newcastle,67,Brighton Hove,397,1.0,1.0,1.0,1.0,2.0,-1.0,2.0,-2.0,2.0,14.0,5.0
52,444613,11,5,2024,6,16,0,36.0,FINISHED,Serie A,2019,LEAGUE,REGULAR_SEASON,Napoli,113,Bologna,103,0.0,2.0,0.0,2.0,2.0,-1.0,2.0,-2.0,2.0,13.0,5.0
53,436309,11,5,2024,6,16,30,37.0,FINISHED,Premier League,2021,LEAGUE,REGULAR_SEASON,Nottingham,351,Chelsea,61,1.0,1.0,2.0,3.0,1.0,-2.0,1.0,-1.0,2.0,14.0,5.0
54,442077,11,5,2024,6,16,30,33.0,FINISHED,Bundesliga,2002,LEAGUE,REGULAR_SEASON,Mainz,15,Dortmund,4,3.0,0.0,3.0,0.0,1.0,-2.0,1.0,-1.0,2.0,13.0,5.0
55,444612,11,5,2024,6,18,45,36.0,FINISHED,Serie A,2019,LEAGUE,REGULAR_SEASON,Milan,98,Cagliari,104,1.0,0.0,5.0,1.0,5.0,0.0,5.0,-5.0,0.0,21.0,5.0
56,444610,12,5,2024,7,10,30,36.0,FINISHED,Serie A,2019,LEAGUE,REGULAR_SEASON,Lazio,110,Empoli,445,1.0,0.0,2.0,0.0,3.0,0.0,3.0,-3.0,2.0,16.0,5.0
57,495747,12,5,2024,7,11,0,1.0,FINISHED,Championship,2016,LEAGUE,SEMI_FINALS,Norwich,68,Leeds United,341,0.0,0.0,0.0,0.0,0.0,-4.0,0.0,0.0,1.0,12.0,5.0
58,441775,12,5,2024,7,12,30,33.0,FINISHED,Eredivisie,2003,LEAGUE,REGULAR_SEASON,Go Ahead,718,AZ,682,0.0,2.0,0.0,3.0,0.0,-5.0,0.0,0.0,0.0,21.0,5.0
59,441771,12,5,2024,7,12,30,33.0,FINISHED,Eredivisie,2003,LEAGUE,REGULAR_SEASON,Excelsior,670,Heracles,671,1.0,0.0,4.0,0.0,2.0,-2.0,2.0,-2.0,1.0,24.0,5.0
60,441777,12,5,2024,7,12,30,33.0,FINISHED,Eredivisie,2003,LEAGUE,REGULAR_SEASON,RKC,683,Zwolle,684,0.0,0.0,1.0,1.0,1.0,-1.0,1.0,-1.0,3.0,9.0,5.0
61,441773,12,5,2024,7,12,30,33.0,FINISHED,Eredivisie,2003,LEAGUE,REGULAR_SEASON,Utrecht,676,Sparta,6806,0.0,0.0,0.0,1.0,4.0,-1.0,4.0,-4.0,0.0,14.0,5.0
62,441774,12,5,2024,7,12,30,33.0,FINISHED,Eredivisie,2003,LEAGUE,REGULAR_SEASON,Sittard,1920,PSV,674,1.0,0.0,1.0,1.0,0.0,-3.0,0.0,0.0,2.0,18.0,5.0
63,441770,12,5,2024,7,12,30,33.0,FINISHED,Eredivisie,2003,LEAGUE,REGULAR_SEASON,Ajax,678,Almere City,1911,3.0,0.0,3.0,0.0,1.0,0.0,1.0,-1.0,1.0,7.0,2.0
64,441776,12,5,2024,7,12,30,33.0,FINISHED,Eredivisie,2003,LEAGUE,REGULAR_SEASON,NEC,1915,Feyenoord,675,0.0,1.0,2.0,3.0,0.0,-4.0,0.0,0.0,1.0,28.0,5.0
65,441772,12,5,2024,7,12,30,33.0,FINISHED,Eredivisie,2003,LEAGUE,REGULAR_SEASON,Twente,666,Volendam,1919,5.0,2.0,7.0,2.0,4.0,-1.0,4.0,-4.0,0.0,20.0,5.0
66,441778,12,5,2024,7,12,30,33.0,FINISHED,Eredivisie,2003,LEAGUE,REGULAR_SEASON,Heerenveen,673,Vitesse,679,1.0,1.0,1.0,3.0,2.0,-3.0,2.0,-2.0,0.0,17.0,5.0
67,444608,12,5,2024,7,13,0,36.0,FINISHED,Serie A,2019,LEAGUE,REGULAR_SEASON,Verona,450,Torino,586,0.0,0.0,1.0,2.0,0.0,-3.0,0.0,0.0,2.0,7.0,5.0
68,444607,12,5,2024,7,13,0,36.0,FINISHED,Serie A,2019,LEAGUE,REGULAR_SEASON,Genoa,107,Sassuolo,471,0.0,1.0,2.0,1.0,2.0,-1.0,2.0,-2.0,2.0,15.0,5.0
69,495748,12,5,2024,7,13,15,1.0,FINISHED,Championship,2016,LEAGUE,SEMI_FINALS,West Brom,74,Southampton,340,0.0,0.0,0.0,0.0,1.0,-3.0,1.0,-1.0,1.0,10.0,5.0
70,442082,12,5,2024,7,13,30,33.0,FINISHED,Bundesliga,2002,LEAGUE,REGULAR_SEASON,Darmstadt,55,Hoffenheim,2,0.0,5.0,0.0,6.0,1.0,-2.0,1.0,-1.0,2.0,18.0,5.0
71,436307,12,5,2024,7,15,30,37.0,FINISHED,Premier League,2021,LEAGUE,REGULAR_SEASON,Man United,66,Arsenal,57,0.0,1.0,0.0,1.0,1.0,-4.0,1.0,-1.0,0.0,18.0,5.0
72,442081,12,5,2024,7,15,30,33.0,FINISHED,Bundesliga,2002,LEAGUE,REGULAR_SEASON,Bayern,5,Wolfsburg,11,2.0,0.0,2.0,0.0,4.0,0.0,4.0,-4.0,1.0,17.0,5.0
73,444609,12,5,2024,7,16,0,36.0,FINISHED,Serie A,2019,LEAGUE,REGULAR_SEASON,Juventus,109,Salernitana,455,0.0,1.0,1.0,1.0,3.0,0.0,3.0,-3.0,2.0,19.0,5.0
74,442079,12,5,2024,7,17,30,33.0,FINISHED,Bundesliga,2002,LEAGUE,REGULAR_SEASON,Bochum,36,Leverkusen,3,0.0,2.0,0.0,5.0,1.0,-3.0,1.0,-1.0,1.0,14.0,5.0
75,444604,12,5,2024,7,18,45,36.0,FINISHED,Serie A,2019,LEAGUE,REGULAR_SEASON,Atalanta,102,Roma,100,2.0,0.0,2.0,1.0,3.0,-1.0,3.0,-3.0,1.0,11.0,5.0
76,443000,12,5,2024,7,19,0,33.0,FINISHED,Ligue 1,2015,LEAGUE,REGULAR_SEASON,PSG,524,Toulouse,511,1.0,1.0,1.0,3.0,3.0,-1.0,3.0,-3.0,1.0,16.0,5.0
77,442996,12,5,2024,7,19,0,33.0,FINISHED,Ligue 1,2015,LEAGUE,REGULAR_SEASON,Nantes,543,Lille,521,0.0,2.0,1.0,2.0,0.0,-4.0,0.0,0.0,1.0,11.0,5.0
78,442995,12,5,2024,7,19,0,33.0,FINISHED,Ligue 1,2015,LEAGUE,REGULAR_SEASON,Clermont Foot,541,Olympique Lyon,523,0.0,0.0,0.0,1.0,3.0,-2.0,3.0,-3.0,0.0,11.0,5.0
79,443001,12,5,2024,7,19,0,33.0,FINISHED,Ligue 1,2015,LEAGUE,REGULAR_SEASON,Strasbourg,576,FC Metz,545,0.0,0.0,2.0,1.0,5.0,0.0,5.0,-5.0,0.0,12.0,5.0
80,442997,12,5,2024,7,19,0,33.0,FINISHED,Ligue 1,2015,LEAGUE,REGULAR_SEASON,Montpellier,518,Monaco,548,0.0,0.0,0.0,2.0,2.0,-3.0,2.0,-2.0,0.0,15.0,5.0
81,443003,12,5,2024,7,19,0,33.0,FINISHED,Ligue 1,2015,LEAGUE,REGULAR_SEASON,Stade Rennais,529,RC Lens,546,0.0,0.0,1.0,1.0,0.0,-3.0,0.0,0.0,2.0,9.0,5.0
82,442999,12,5,2024,7,19,0,33.0,FINISHED,Ligue 1,2015,LEAGUE,REGULAR_SEASON,Marseille,516,Lorient,525,2.0,1.0,3.0,1.0,4.0,0.0,4.0,-4.0,1.0,17.0,5.0
83,444611,13,5,2024,1,16,30,36.0,FINISHED,Serie A,2019,LEAGUE,REGULAR_SEASON,Lecce,5890,Udinese,115,0.0,1.0,0.0,2.0,2.0,-1.0,2.0,-2.0,2.0,10.0,5.0
84,444605,13,5,2024,1,18,45,36.0,FINISHED,Serie A,2019,LEAGUE,REGULAR_SEASON,Fiorentina,99,Monza,5911,1.0,1.0,2.0,1.0,3.0,-1.0,3.0,-3.0,1.0,15.0,5.0
85,436304,13,5,2024,1,19,0,37.0,FINISHED,Premier League,2021,LEAGUE,REGULAR_SEASON,Aston Villa,58,Liverpool,64,1.0,2.0,3.0,3.0,0.0,-3.0,0.0,0.0,2.0,18.0,5.0
86,436281,14,5,2024,2,19,0,34.0,FINISHED,Premier League,2021,LEAGUE,REGULAR_SEASON,Tottenham,73,Man City,65,0.0,0.0,0.0,2.0,1.0,-3.0,1.0,-1.0,1.0,16.0,5.0
87,494839,14,5,2024,2,22,0,5.0,IN_PLAY,Copa Libertadores,2152,CUP,GROUP_STAGE,LDU de Quito,4528,Junior,4439,0.0,1.0,0.0,1.0,0.0,-1.0,0.0,0.0,1.0,3.0,2.0
88,494875,14,5,2024,2,22,0,5.0,IN_PLAY,Copa Libertadores,2152,CUP,GROUP_STAGE,Peñarol,5184,Mineiro,1766,0.0,0.0,0.0,0.0,1.0,-1.0,1.0,-1.0,0.0,7.0,2.0
89,494816,14,5,2024,2,22,0,5.0,IN_PLAY,Copa Libertadores,2152,CUP,GROUP_STAGE,Talleres,2073,Cobresal,7913,0.0,0.0,0.0,0.0,2.0,0.0,2.0,-2.0,0.0,3.0,2.0
90,494847,25,4,2024,4,0,30,3.0,FINISHED,Copa Libertadores,2152,CUP,GROUP_STAGE,Club Bolívar,4261,Flamengo,1783,1.0,1.0,2.0,1.0,1.0,0.0,1.0,-1.0,0.0,3.0,1.0
91,494859,25,4,2024,4,0,30,3.0,FINISHED,Copa Libertadores,2152,CUP,GROUP_STAGE,Independiente,6989,Palmeiras,1769,2.0,1.0,2.0,3.0,0.0,-3.0,0.0,0.0,0.0,11.0,3.0
92,494884,25,4,2024,4,0,30,3.0,FINISHED,Copa Libertadores,2152,CUP,GROUP_STAGE,Libertad,9379,River Plate,6667,1.0,1.0,1.0,2.0,0.0,-2.0,0.0,0.0,0.0,5.0,2.0
93,441754,25,4,2024,4,16,55,31.0,FINISHED,Eredivisie,2003,LEAGUE,REGULAR_SEASON,Heerenveen,673,PSV,674,0.0,5.0,0.0,8.0,0.0,-4.0,0.0,0.0,1.0,21.0,5.0
94,444573,25,4,2024,4,18,0,32.0,FINISHED,Serie A,2019,LEAGUE,REGULAR_SEASON,Udinese,115,Roma,100,1.0,0.0,1.0,2.0,1.0,-3.0,1.0,-1.0,1.0,16.0,5.0
95,441753,25,4,2024,4,19,0,31.0,FINISHED,Eredivisie,2003,LEAGUE,REGULAR_SEASON,Go Ahead,718,Feyenoord,675,1.0,2.0,1.0,3.0,0.0,-5.0,0.0,0.0,0.0,19.0,5.0
96,436224,25,4,2024,4,19,0,29.0,FINISHED,Premier League,2021,LEAGUE,REGULAR_SEASON,Brighton Hove,397,Man City,65,0.0,3.0,0.0,4.0,0.0,-4.0,0.0,0.0,1.0,16.0,5.0
97,494800,25,4,2024,4,22,0,3.0,FINISHED,Copa Libertadores,2152,CUP,GROUP_STAGE,Cerro Porteño,9373,Fluminense,1765,0.0,0.0,0.0,0.0,0.0,-2.0,0.0,0.0,1.0,3.0,3.0
98,494812,25,4,2024,4,22,0,3.0,FINISHED,Copa Libertadores,2152,CUP,GROUP_STAGE,Cobresal,7913,Talleres,2073,0.0,2.0,0.0,2.0,0.0,-2.0,0.0,0.0,0.0,3.0,2.0
99,494811,26,4,2024,5,0,0,3.0,FINISHED,Copa Libertadores,2152,CUP,GROUP_STAGE,Barcelona SC,4520,São Paulo,1776,0.0,1.0,0.0,2.0,0.0,-1.0,0.0,0.0,0.0,2.0,1.0
100,494848,26,4,2024,5,0,0,3.0,FINISHED,Copa Libertadores,2152,CUP,GROUP_STAGE,Palestino,4460,Millonarios,4444,2.0,1.0,3.0,1.0,1.0,0.0,1.0,-1.0,1.0,6.0,2.0
101,442064,26,4,2024,5,18,30,31.0,FINISHED,Bundesliga,2002,LEAGUE,REGULAR_SEASON,Bochum,36,Hoffenheim,2,2.0,0.0,3.0,2.0,3.0,-2.0,3.0,-3.0,0.0,24.0,5.0
102,444587,26,4,2024,5,18,45,34.0,FINISHED,Serie A,2019,LEAGUE,REGULAR_SEASON,Frosinone,470,Salernitana,455,2.0,0.0,3.0,0.0,2.0,-1.0,2.0,-2.0,2.0,7.0,5.0
103,437213,26,4,2024,5,19,0,45.0,FINISHED,Championship,2016,LEAGUE,REGULAR_SEASON,QPR,69,Leeds United,341,2.0,0.0,4.0,0.0,3.0,-2.0,3.0,-3.0,0.0,9.0,5.0
104,442980,26,4,2024,5,19,0,31.0,FINISHED,Ligue 1,2015,LEAGUE,REGULAR_SEASON,Montpellier,518,Nantes,543,1.0,1.0,1.0,1.0,1.0,-3.0,1.0,-1.0,1.0,12.0,5.0
105,436291,27,4,2024,6,11,30,35.0,FINISHED,Premier League,2021,LEAGUE,REGULAR_SEASON,West Ham,563,Liverpool,64,1.0,0.0,2.0,2.0,0.0,-4.0,0.0,0.0,1.0,18.0,5.0
106,444592,27,4,2024,6,13,0,34.0,FINISHED,Serie A,2019,LEAGUE,REGULAR_SEASON,Lecce,5890,Monza,5911,0.0,0.0,1.0,1.0,2.0,0.0,2.0,-2.0,3.0,8.0,5.0
107,442062,27,4,2024,6,13,30,31.0,FINISHED,Bundesliga,2002,LEAGUE,REGULAR_SEASON,Freiburg,17,Wolfsburg,11,1.0,0.0,1.0,2.0,3.0,-2.0,3.0,-3.0,0.0,17.0,5.0
108,442059,27,4,2024,6,13,30,31.0,FINISHED,Bundesliga,2002,LEAGUE,REGULAR_SEASON,RB Leipzig,721,Dortmund,4,2.0,1.0,4.0,1.0,4.0,-1.0,4.0,-4.0,0.0,18.0,5.0
109,442065,27,4,2024,6,13,30,31.0,FINISHED,Bundesliga,2002,LEAGUE,REGULAR_SEASON,Augsburg,16,Bremen,12,0.0,0.0,0.0,3.0,3.0,-2.0,3.0,-3.0,0.0,11.0,5.0
110,442061,27,4,2024,6,13,30,31.0,FINISHED,Bundesliga,2002,LEAGUE,REGULAR_SEASON,Bayern,5,Frankfurt,19,1.0,1.0,2.0,1.0,3.0,-1.0,3.0,-3.0,1.0,19.0,5.0
111,436287,27,4,2024,6,14,0,35.0,FINISHED,Premier League,2021,LEAGUE,REGULAR_SEASON,Man United,66,Burnley,328,0.0,0.0,1.0,1.0,3.0,0.0,3.0,-3.0,2.0,11.0,5.0
112,437211,27,4,2024,6,14,0,45.0,FINISHED,Championship,2016,LEAGUE,REGULAR_SEASON,Norwich,68,Swansea,72,2.0,1.0,2.0,2.0,1.0,-3.0,1.0,-1.0,1.0,13.0,5.0
113,437207,27,4,2024,6,14,0,45.0,FINISHED,Championship,2016,LEAGUE,REGULAR_SEASON,Southampton,340,Stoke,70,0.0,1.0,0.0,1.0,1.0,-3.0,1.0,-1.0,1.0,6.0,5.0
114,437203,27,4,2024,6,14,0,45.0,FINISHED,Championship,2016,LEAGUE,REGULAR_SEASON,Blackburn,59,Coventry City,1076,0.0,0.0,0.0,0.0,0.0,-2.0,0.0,0.0,3.0,8.0,5.0
115,437209,27,4,2024,6,14,0,45.0,FINISHED,Championship,2016,LEAGUE,REGULAR_SEASON,Huddersfield,394,Birmingham,332,0.0,1.0,1.0,1.0,2.0,-2.0,2.0,-2.0,1.0,15.0,5.0
116,437205,27,4,2024,6,14,0,45.0,FINISHED,Championship,2016,LEAGUE,REGULAR_SEASON,Cardiff,715,Middlesbrough,343,0.0,1.0,1.0,4.0,1.0,-4.0,1.0,-1.0,0.0,18.0,5.0
117,436292,27,4,2024,6,14,0,35.0,FINISHED,Premier League,2021,LEAGUE,REGULAR_SEASON,Wolverhampton,76,Luton Town,389,1.0,0.0,2.0,1.0,1.0,-3.0,1.0,-1.0,1.0,13.0,5.0
118,437206,27,4,2024,6,14,0,45.0,FINISHED,Championship,2016,LEAGUE,REGULAR_SEASON,Millwall,384,Plymouth Arg,1138,0.0,0.0,1.0,0.0,5.0,0.0,5.0,-5.0,0.0,10.0,5.0
119,436288,27,4,2024,6,14,0,35.0,FINISHED,Premier League,2021,LEAGUE,REGULAR_SEASON,Newcastle,67,Sheffield Utd,356,1.0,1.0,5.0,1.0,4.0,-1.0,4.0,-4.0,0.0,19.0,5.0
120,437208,27,4,2024,6,14,0,45.0,FINISHED,Championship,2016,LEAGUE,REGULAR_SEASON,Watford,346,Sunderland,71,0.0,0.0,1.0,0.0,2.0,-1.0,2.0,-2.0,2.0,12.0,5.0
121,437204,27,4,2024,6,14,0,45.0,FINISHED,Championship,2016,LEAGUE,REGULAR_SEASON,Bristol City,387,Rotherham Utd,385,1.0,0.0,2.0,0.0,4.0,-1.0,4.0,-4.0,0.0,14.0,5.0
122,436286,27,4,2024,6,14,0,35.0,FINISHED,Premier League,2021,LEAGUE,REGULAR_SEASON,Fulham,63,Crystal Palace,354,0.0,0.0,1.0,1.0,1.0,0.0,1.0,-1.0,4.0,9.0,5.0
123,437214,27,4,2024,6,14,0,45.0,FINISHED,Championship,2016,LEAGUE,REGULAR_SEASON,Sheffield Wed,345,West Brom,74,1.0,0.0,3.0,0.0,1.0,-3.0,1.0,-1.0,1.0,12.0,5.0
124,444590,27,4,2024,6,16,0,34.0,FINISHED,Serie A,2019,LEAGUE,REGULAR_SEASON,Juventus,109,Milan,98,0.0,0.0,0.0,0.0,1.0,-2.0,1.0,-1.0,2.0,4.0,5.0
125,436285,27,4,2024,6,16,30,35.0,FINISHED,Premier League,2021,LEAGUE,REGULAR_SEASON,Everton,62,Brentford,402,0.0,0.0,1.0,0.0,3.0,-1.0,3.0,-3.0,1.0,13.0,5.0
126,442066,27,4,2024,6,16,30,31.0,FINISHED,Bundesliga,2002,LEAGUE,REGULAR_SEASON,Leverkusen,3,Stuttgart,10,0.0,0.0,2.0,2.0,2.0,0.0,2.0,-2.0,3.0,15.0,5.0
127,444591,27,4,2024,6,18,45,34.0,FINISHED,Serie A,2019,LEAGUE,REGULAR_SEASON,Lazio,110,Verona,450,0.0,0.0,1.0,0.0,2.0,0.0,2.0,-2.0,3.0,13.0,5.0
128,437210,27,4,2024,6,19,0,45.0,FINISHED,Championship,2016,LEAGUE,REGULAR_SEASON,Hull City,322,Ipswich Town,349,1.0,2.0,3.0,3.0,2.0,-2.0,2.0,-2.0,1.0,15.0,5.0
129,442983,27,4,2024,6,19,0,31.0,FINISHED,Ligue 1,2015,LEAGUE,REGULAR_SEASON,PSG,524,Le Havre,533,1.0,2.0,3.0,3.0,4.0,0.0,4.0,-4.0,1.0,16.0,5.0
130,436284,27,4,2024,6,19,0,35.0,FINISHED,Premier League,2021,LEAGUE,REGULAR_SEASON,Aston Villa,58,Chelsea,61,2.0,0.0,2.0,2.0,2.0,-1.0,2.0,-2.0,2.0,11.0,5.0
131,441755,28,4,2024,7,10,15,31.0,FINISHED,Eredivisie,2003,LEAGUE,REGULAR_SEASON,NEC,1915,AZ,682,0.0,1.0,0.0,3.0,1.0,-3.0,1.0,-1.0,1.0,15.0,5.0
132,441756,28,4,2024,7,10,15,31.0,FINISHED,Eredivisie,2003,LEAGUE,REGULAR_SEASON,Zwolle,684,Heracles,671,1.0,1.0,3.0,1.0,3.0,-2.0,3.0,-3.0,0.0,17.0,5.0
133,444589,28,4,2024,7,10,30,34.0,FINISHED,Serie A,2019,LEAGUE,REGULAR_SEASON,Inter,108,Torino,586,0.0,0.0,2.0,0.0,4.0,0.0,4.0,-4.0,1.0,9.0,5.0
134,442979,28,4,2024,7,11,0,31.0,FINISHED,Ligue 1,2015,LEAGUE,REGULAR_SEASON,FC Metz,545,Lille,521,1.0,2.0,1.0,2.0,0.0,-3.0,0.0,0.0,2.0,13.0,5.0
135,441759,28,4,2024,7,12,30,31.0,FINISHED,Eredivisie,2003,LEAGUE,REGULAR_SEASON,Sparta,6806,Volendam,1919,0.0,0.0,1.0,0.0,4.0,-1.0,4.0,-4.0,0.0,14.0,5.0
136,441760,28,4,2024,7,12,30,31.0,FINISHED,Eredivisie,2003,LEAGUE,REGULAR_SEASON,RKC,683,Utrecht,676,1.0,0.0,2.0,2.0,0.0,-2.0,0.0,0.0,3.0,17.0,5.0
137,442984,28,4,2024,7,13,0,31.0,FINISHED,Ligue 1,2015,LEAGUE,REGULAR_SEASON,Strasbourg,576,Nice,522,1.0,1.0,1.0,3.0,1.0,-2.0,1.0,-1.0,2.0,10.0,5.0
138,436283,28,4,2024,7,13,0,35.0,FINISHED,Premier League,2021,LEAGUE,REGULAR_SEASON,Bournemouth,1044,Brighton Hove,397,1.0,0.0,3.0,0.0,2.0,-3.0,2.0,-2.0,0.0,14.0,5.0
139,442977,28,4,2024,7,13,0,31.0,FINISHED,Ligue 1,2015,LEAGUE,REGULAR_SEASON,Clermont Foot,541,Stade de Reims,547,1.0,1.0,4.0,1.0,3.0,-1.0,3.0,-3.0,1.0,14.0,5.0
140,444585,28,4,2024,7,13,0,34.0,FINISHED,Serie A,2019,LEAGUE,REGULAR_SEASON,Bologna,103,Udinese,115,0.0,1.0,1.0,1.0,2.0,-1.0,2.0,-2.0,2.0,15.0,5.0
141,436290,28,4,2024,7,13,0,35.0,FINISHED,Premier League,2021,LEAGUE,REGULAR_SEASON,Tottenham,73,Arsenal,57,0.0,3.0,2.0,3.0,1.0,-3.0,1.0,-1.0,1.0,18.0,5.0
142,442978,28,4,2024,7,13,0,31.0,FINISHED,Ligue 1,2015,LEAGUE,REGULAR_SEASON,Lorient,525,Toulouse,511,1.0,0.0,1.0,2.0,1.0,-2.0,1.0,-1.0,2.0,11.0,5.0
143,442060,28,4,2024,7,13,30,31.0,FINISHED,Bundesliga,2002,LEAGUE,REGULAR_SEASON,M'gladbach,18,Union Berlin,28,0.0,0.0,0.0,0.0,0.0,-4.0,0.0,0.0,1.0,11.0,5.0
144,441758,28,4,2024,7,14,45,31.0,FINISHED,Eredivisie,2003,LEAGUE,REGULAR_SEASON,Vitesse,679,Sittard,1920,1.0,1.0,3.0,2.0,2.0,-3.0,2.0,-2.0,0.0,17.0,5.0
145,442985,28,4,2024,7,15,5,31.0,FINISHED,Ligue 1,2015,LEAGUE,REGULAR_SEASON,Stade Rennais,529,Brest,512,2.0,1.0,4.0,5.0,3.0,-1.0,3.0,-3.0,1.0,18.0,5.0
146,436289,28,4,2024,7,15,30,35.0,FINISHED,Premier League,2021,LEAGUE,REGULAR_SEASON,Nottingham,351,Man City,65,0.0,1.0,0.0,2.0,1.0,-3.0,1.0,-1.0,1.0,15.0,5.0
147,442063,28,4,2024,7,15,30,31.0,FINISHED,Bundesliga,2002,LEAGUE,REGULAR_SEASON,Mainz,15,1. FC Köln,1,1.0,0.0,1.0,1.0,1.0,-1.0,1.0,-1.0,3.0,14.0,5.0
148,444593,28,4,2024,7,16,0,34.0,FINISHED,Serie A,2019,LEAGUE,REGULAR_SEASON,Napoli,113,Roma,100,0.0,0.0,2.0,2.0,2.0,-1.0,2.0,-2.0,2.0,12.0,5.0
149,444584,28,4,2024,7,16,0,34.0,FINISHED,Serie A,2019,LEAGUE,REGULAR_SEASON,Atalanta,102,Empoli,445,1.0,0.0,2.0,0.0,4.0,-1.0,4.0,-4.0,0.0,11.0,5.0
150,442981,28,4,2024,7,17,0,31.0,FINISHED,Ligue 1,2015,LEAGUE,REGULAR_SEASON,Olympique Lyon,523,Monaco,548,2.0,1.0,3.0,2.0,3.0,-2.0,3.0,-3.0,0.0,15.0,5.0
151,442067,28,4,2024,7,17,30,31.0,FINISHED,Bundesliga,2002,LEAGUE,REGULAR_SEASON,Darmstadt,55,Heidenheim,44,0.0,0.0,0.0,1.0,1.0,-3.0,1.0,-1.0,1.0,16.0,5.0
152,444586,28,4,2024,7,18,45,34.0,FINISHED,Serie A,2019,LEAGUE,REGULAR_SEASON,Fiorentina,99,Sassuolo,471,1.0,0.0,5.0,1.0,3.0,-2.0,3.0,-3.0,0.0,17.0,5.0
153,442982,28,4,2024,7,19,0,31.0,FINISHED,Ligue 1,2015,LEAGUE,REGULAR_SEASON,Marseille,516,RC Lens,546,1.0,0.0,2.0,1.0,2.0,-3.0,2.0,-2.0,0.0,10.0,5.0
154,444588,29,4,2024,1,18,45,34.0,FINISHED,Serie A,2019,LEAGUE,REGULAR_SEASON,Genoa,107,Cagliari,104,2.0,0.0,3.0,0.0,2.0,-1.0,2.0,-2.0,2.0,7.0,5.0
155,437212,29,4,2024,1,19,0,45.0,FINISHED,Championship,2016,LEAGUE,REGULAR_SEASON,Preston NE,1081,Leicester City,338,0.0,1.0,0.0,3.0,2.0,-3.0,2.0,-2.0,0.0,18.0,5.0
156,437194,30,4,2024,2,19,0,44.0,FINISHED,Championship,2016,LEAGUE,REGULAR_SEASON,Coventry City,1076,Ipswich Town,349,0.0,1.0,1.0,2.0,2.0,-2.0,2.0,-2.0,1.0,12.0,5.0
157,436197,2,5,2024,4,18,30,26.0,FINISHED,Premier League,2021,LEAGUE,REGULAR_SEASON,Chelsea,61,Tottenham,73,1.0,0.0,2.0,0.0,3.0,-1.0,3.0,-3.0,1.0,15.0,5.0
158,442989,3,5,2024,5,17,0,32.0,FINISHED,Ligue 1,2015,LEAGUE,REGULAR_SEASON,Toulouse,511,Montpellier,518,1.0,1.0,1.0,2.0,2.0,-3.0,2.0,-2.0,0.0,18.0,5.0
159,441761,3,5,2024,5,18,0,32.0,FINISHED,Eredivisie,2003,LEAGUE,REGULAR_SEASON,Sittard,1920,Go Ahead,718,0.0,0.0,0.0,0.0,1.0,-3.0,1.0,-1.0,1.0,8.0,5.0
160,441762,3,5,2024,5,18,0,32.0,FINISHED,Eredivisie,2003,LEAGUE,REGULAR_SEASON,Almere City,1911,Heerenveen,673,0.0,0.0,1.0,1.0,0.0,-1.0,0.0,0.0,1.0,5.0,2.0
161,442069,3,5,2024,5,18,30,32.0,FINISHED,Bundesliga,2002,LEAGUE,REGULAR_SEASON,Hoffenheim,2,RB Leipzig,721,0.0,1.0,1.0,1.0,0.0,-4.0,0.0,0.0,1.0,15.0,5.0
162,444602,3,5,2024,5,18,45,35.0,FINISHED,Serie A,2019,LEAGUE,REGULAR_SEASON,Torino,586,Bologna,103,0.0,0.0,0.0,0.0,1.0,-2.0,1.0,-1.0,2.0,6.0,5.0
163,442992,3,5,2024,5,19,0,32.0,FINISHED,Ligue 1,2015,LEAGUE,REGULAR_SEASON,RC Lens,546,Lorient,525,0.0,0.0,2.0,0.0,3.0,-1.0,3.0,-3.0,1.0,15.0,5.0
164,436300,3,5,2024,5,19,0,36.0,FINISHED,Premier League,2021,LEAGUE,REGULAR_SEASON,Luton Town,389,Everton,62,1.0,1.0,1.0,1.0,2.0,-2.0,2.0,-2.0,1.0,13.0,5.0
165,437225,4,5,2024,6,11,30,46.0,FINISHED,Championship,2016,LEAGUE,REGULAR_SEASON,Stoke,70,Bristol City,387,3.0,0.0,4.0,0.0,3.0,-2.0,3.0,-3.0,0.0,16.0,5.0
166,437223,4,5,2024,6,11,30,46.0,FINISHED,Championship,2016,LEAGUE,REGULAR_SEASON,Plymouth Arg,1138,Hull City,322,1.0,0.0,1.0,0.0,2.0,-2.0,2.0,-2.0,1.0,12.0,5.0
167,437217,4,5,2024,6,11,30,46.0,FINISHED,Championship,2016,LEAGUE,REGULAR_SEASON,Birmingham,332,Norwich,68,0.0,0.0,1.0,0.0,1.0,-4.0,1.0,-1.0,0.0,20.0,5.0
168,437219,4,5,2024,6,11,30,46.0,FINISHED,Championship,2016,LEAGUE,REGULAR_SEASON,Middlesbrough,343,Watford,346,1.0,0.0,3.0,1.0,3.0,-1.0,3.0,-3.0,1.0,16.0,5.0
169,437215,4,5,2024,6,11,30,46.0,FINISHED,Championship,2016,LEAGUE,REGULAR_SEASON,Swansea,72,Millwall,384,0.0,0.0,0.0,1.0,2.0,-2.0,2.0,-2.0,1.0,12.0,5.0
170,437221,4,5,2024,6,11,30,46.0,FINISHED,Championship,2016,LEAGUE,REGULAR_SEASON,Leeds United,341,Southampton,340,1.0,2.0,1.0,2.0,1.0,-2.0,1.0,-1.0,2.0,14.0,5.0
171,437226,4,5,2024,6,11,30,46.0,FINISHED,Championship,2016,LEAGUE,REGULAR_SEASON,West Brom,74,Preston NE,1081,1.0,0.0,3.0,0.0,3.0,-2.0,3.0,-3.0,0.0,12.0,5.0
172,437222,4,5,2024,6,11,30,46.0,FINISHED,Championship,2016,LEAGUE,REGULAR_SEASON,Leicester City,338,Blackburn,59,0.0,0.0,0.0,2.0,1.0,-4.0,1.0,-1.0,0.0,12.0,5.0
173,437224,4,5,2024,6,11,30,46.0,FINISHED,Championship,2016,LEAGUE,REGULAR_SEASON,Rotherham Utd,385,Cardiff,715,2.0,1.0,5.0,2.0,1.0,-3.0,1.0,-1.0,1.0,15.0,5.0
174,437218,4,5,2024,6,11,30,46.0,FINISHED,Championship,2016,LEAGUE,REGULAR_SEASON,Coventry City,1076,QPR,69,0.0,2.0,1.0,2.0,3.0,-2.0,3.0,-3.0,0.0,15.0,5.0
175,437220,4,5,2024,6,11,30,46.0,FINISHED,Championship,2016,LEAGUE,REGULAR_SEASON,Ipswich Town,349,Huddersfield,394,1.0,0.0,2.0,0.0,4.0,0.0,4.0,-4.0,1.0,11.0,5.0
176,437216,4,5,2024,6,11,30,46.0,FINISHED,Championship,2016,LEAGUE,REGULAR_SEASON,Sunderland,71,Sheffield Wed,345,0.0,2.0,0.0,2.0,2.0,-3.0,2.0,-2.0,0.0,15.0,5.0
177,436293,4,5,2024,6,11,30,36.0,FINISHED,Premier League,2021,LEAGUE,REGULAR_SEASON,Arsenal,57,Bournemouth,1044,1.0,0.0,3.0,0.0,5.0,0.0,5.0,-5.0,0.0,18.0,5.0
178,442986,4,5,2024,6,13,0,32.0,FINISHED,Ligue 1,2015,LEAGUE,REGULAR_SEASON,Le Havre,533,Strasbourg,576,1.0,0.0,3.0,1.0,1.0,-3.0,1.0,-1.0,1.0,12.0,5.0
179,442075,4,5,2024,6,13,30,32.0,FINISHED,Bundesliga,2002,LEAGUE,REGULAR_SEASON,Dortmund,4,Augsburg,16,4.0,1.0,5.0,1.0,3.0,0.0,3.0,-3.0,2.0,20.0,5.0
180,442068,4,5,2024,6,13,30,32.0,FINISHED,Bundesliga,2002,LEAGUE,REGULAR_SEASON,Stuttgart,10,Bayern,5,1.0,1.0,3.0,1.0,1.0,-2.0,1.0,-1.0,2.0,18.0,5.0
181,442073,4,5,2024,6,13,30,32.0,FINISHED,Bundesliga,2002,LEAGUE,REGULAR_SEASON,Bremen,12,M'gladbach,18,1.0,1.0,2.0,2.0,1.0,-1.0,1.0,-1.0,3.0,24.0,5.0
182,442076,4,5,2024,6,13,30,32.0,FINISHED,Bundesliga,2002,LEAGUE,REGULAR_SEASON,Wolfsburg,11,Darmstadt,55,2.0,0.0,3.0,0.0,3.0,-1.0,3.0,-3.0,1.0,11.0,5.0
183,436294,4,5,2024,6,14,0,36.0,FINISHED,Premier League,2021,LEAGUE,REGULAR_SEASON,Brentford,402,Fulham,63,0.0,0.0,0.0,0.0,3.0,-1.0,3.0,-3.0,1.0,16.0,5.0
184,436302,4,5,2024,6,14,0,36.0,FINISHED,Premier League,2021,LEAGUE,REGULAR_SEASON,Sheffield Utd,356,Nottingham,351,1.0,1.0,1.0,3.0,0.0,-4.0,0.0,0.0,1.0,20.0,5.0
185,436296,4,5,2024,6,14,0,36.0,FINISHED,Premier League,2021,LEAGUE,REGULAR_SEASON,Burnley,328,Newcastle,67,0.0,3.0,1.0,4.0,1.0,-4.0,1.0,-1.0,0.0,18.0,5.0
186,442987,4,5,2024,6,15,0,32.0,FINISHED,Ligue 1,2015,LEAGUE,REGULAR_SEASON,Monaco,548,Clermont Foot,541,2.0,1.0,4.0,1.0,4.0,0.0,4.0,-4.0,1.0,19.0,5.0
187,444598,4,5,2024,6,16,0,35.0,FINISHED,Serie A,2019,LEAGUE,REGULAR_SEASON,Monza,5911,Lazio,110,0.0,1.0,2.0,2.0,0.0,-2.0,0.0,0.0,2.0,9.0,4.0
188,442070,4,5,2024,6,16,30,32.0,FINISHED,Bundesliga,2002,LEAGUE,REGULAR_SEASON,1. FC Köln,1,Freiburg,17,0.0,0.0,0.0,0.0,1.0,-3.0,1.0,-1.0,1.0,6.0,5.0
189,436301,4,5,2024,6,16,30,36.0,FINISHED,Premier League,2021,LEAGUE,REGULAR_SEASON,Man City,65,Wolverhampton,76,3.0,0.0,5.0,1.0,4.0,-1.0,4.0,-4.0,0.0,21.0,5.0
190,442988,4,5,2024,6,17,0,32.0,FINISHED,Ligue 1,2015,LEAGUE,REGULAR_SEASON,FC Metz,545,Stade Rennais,529,2.0,1.0,2.0,3.0,0.0,-5.0,0.0,0.0,0.0,25.0,5.0
191,444601,4,5,2024,6,18,45,35.0,FINISHED,Serie A,2019,LEAGUE,REGULAR_SEASON,Sassuolo,471,Inter,108,1.0,0.0,1.0,0.0,3.0,-2.0,3.0,-3.0,0.0,15.0,5.0
192,442993,4,5,2024,6,19,0,32.0,FINISHED,Ligue 1,2015,LEAGUE,REGULAR_SEASON,Brest,512,Nantes,543,0.0,0.0,0.0,0.0,2.0,-1.0,2.0,-2.0,2.0,11.0,5.0
193,444566,15,4,2024,1,16,30,32.0,FINISHED,Serie A,2019,LEAGUE,REGULAR_SEASON,Fiorentina,99,Genoa,107,0.0,1.0,1.0,1.0,3.0,0.0,3.0,-3.0,2.0,18.0,5.0
194,444564,15,4,2024,1,18,45,32.0,FINISHED,Serie A,2019,LEAGUE,REGULAR_SEASON,Atalanta,102,Verona,450,2.0,0.0,2.0,2.0,3.0,-1.0,3.0,-3.0,1.0,13.0,5.0
195,436267,15,4,2024,1,19,0,33.0,FINISHED,Premier League,2021,LEAGUE,REGULAR_SEASON,Chelsea,61,Everton,62,4.0,0.0,6.0,0.0,2.0,-2.0,2.0,-2.0,1.0,14.0,5.0
196,437103,16,4,2024,2,19,0,36.0,FINISHED,Championship,2016,LEAGUE,REGULAR_SEASON,Southampton,340,Preston NE,1081,3.0,0.0,3.0,0.0,3.0,0.0,3.0,-3.0,1.0,11.0,4.0
197,444576,19,4,2024,5,16,30,33.0,FINISHED,Serie A,2019,LEAGUE,REGULAR_SEASON,Genoa,107,Lazio,110,0.0,0.0,0.0,1.0,1.0,-4.0,1.0,-1.0,0.0,12.0,5.0
198,442056,19,4,2024,5,18,30,30.0,FINISHED,Bundesliga,2002,LEAGUE,REGULAR_SEASON,Frankfurt,19,Augsburg,16,0.0,1.0,3.0,1.0,2.0,-1.0,2.0,-2.0,2.0,14.0,5.0
199,444574,19,4,2024,5,18,45,33.0,FINISHED,Serie A,2019,LEAGUE,REGULAR_SEASON,Cagliari,104,Juventus,109,2.0,0.0,2.0,2.0,0.0,-4.0,0.0,0.0,1.0,16.0,5.0
200,442971,19,4,2024,5,19,0,30.0,FINISHED,Ligue 1,2015,LEAGUE,REGULAR_SEASON,Nice,522,Lorient,525,1.0,0.0,3.0,0.0,3.0,0.0,3.0,-3.0,2.0,13.0,5.0
201,437198,20,4,2024,6,11,30,44.0,FINISHED,Championship,2016,LEAGUE,REGULAR_SEASON,Leicester City,338,West Brom,74,1.0,0.0,2.0,1.0,5.0,0.0,5.0,-5.0,0.0,17.0,5.0
202,442055,20,4,2024,6,13,30,30.0,FINISHED,Bundesliga,2002,LEAGUE,REGULAR_SEASON,Wolfsburg,11,Bochum,36,1.0,0.0,1.0,0.0,3.0,-2.0,3.0,-3.0,0.0,16.0,5.0
203,442051,20,4,2024,6,13,30,30.0,FINISHED,Bundesliga,2002,LEAGUE,REGULAR_SEASON,Heidenheim,44,RB Leipzig,721,0.0,1.0,1.0,2.0,1.0,-3.0,1.0,-1.0,1.0,13.0,5.0
204,442058,20,4,2024,6,13,30,30.0,FINISHED,Bundesliga,2002,LEAGUE,REGULAR_SEASON,1. FC Köln,1,Darmstadt,55,0.0,0.0,0.0,2.0,3.0,-2.0,3.0,-3.0,0.0,16.0,5.0
205,442054,20,4,2024,6,13,30,30.0,FINISHED,Bundesliga,2002,LEAGUE,REGULAR_SEASON,Hoffenheim,2,M'gladbach,18,1.0,1.0,4.0,3.0,1.0,-4.0,1.0,-1.0,0.0,25.0,5.0
206,437199,20,4,2024,6,14,0,44.0,FINISHED,Championship,2016,LEAGUE,REGULAR_SEASON,Norwich,68,Bristol City,387,0.0,0.0,1.0,1.0,3.0,-1.0,3.0,-3.0,1.0,12.0,5.0
207,436280,20,4,2024,6,14,0,34.0,FINISHED,Premier League,2021,LEAGUE,REGULAR_SEASON,Sheffield Utd,356,Burnley,328,0.0,2.0,1.0,4.0,2.0,-3.0,2.0,-2.0,0.0,20.0,5.0
208,437201,20,4,2024,6,14,0,44.0,FINISHED,Championship,2016,LEAGUE,REGULAR_SEASON,Rotherham Utd,385,Birmingham,332,0.0,0.0,0.0,0.0,1.0,-2.0,1.0,-1.0,2.0,5.0,5.0
209,437197,20,4,2024,6,14,0,44.0,FINISHED,Championship,2016,LEAGUE,REGULAR_SEASON,Huddersfield,394,Swansea,72,0.0,0.0,0.0,4.0,0.0,-2.0,0.0,0.0,3.0,9.0,5.0
210,437191,20,4,2024,6,14,0,44.0,FINISHED,Championship,2016,LEAGUE,REGULAR_SEASON,Sunderland,71,Millwall,384,0.0,0.0,0.0,1.0,1.0,-1.0,1.0,-1.0,3.0,10.0,5.0
211,437193,20,4,2024,6,14,0,44.0,FINISHED,Championship,2016,LEAGUE,REGULAR_SEASON,Cardiff,715,Southampton,340,0.0,1.0,2.0,1.0,4.0,-1.0,4.0,-4.0,0.0,10.0,5.0
212,436278,20,4,2024,6,14,0,34.0,FINISHED,Premier League,2021,LEAGUE,REGULAR_SEASON,Luton Town,389,Brentford,402,0.0,2.0,1.0,5.0,1.0,-4.0,1.0,-1.0,0.0,17.0,5.0
213,437196,20,4,2024,6,14,0,44.0,FINISHED,Championship,2016,LEAGUE,REGULAR_SEASON,Watford,346,Hull City,322,0.0,0.0,0.0,0.0,1.0,-2.0,1.0,-1.0,2.0,6.0,5.0
214,437202,20,4,2024,6,14,0,44.0,FINISHED,Championship,2016,LEAGUE,REGULAR_SEASON,Stoke,70,Plymouth Arg,1138,2.0,0.0,3.0,0.0,1.0,-2.0,1.0,-1.0,1.0,12.0,4.0
215,442969,20,4,2024,6,15,0,30.0,FINISHED,Ligue 1,2015,LEAGUE,REGULAR_SEASON,Nantes,543,Stade Rennais,529,0.0,0.0,0.0,3.0,1.0,-4.0,1.0,-1.0,0.0,14.0,5.0
216,444575,20,4,2024,6,16,0,33.0,FINISHED,Serie A,2019,LEAGUE,REGULAR_SEASON,Empoli,445,Napoli,113,1.0,0.0,1.0,0.0,3.0,-2.0,3.0,-3.0,0.0,11.0,5.0
217,437200,20,4,2024,6,16,15,44.0,FINISHED,Championship,2016,LEAGUE,REGULAR_SEASON,QPR,69,Preston NE,1081,1.0,0.0,1.0,0.0,3.0,-2.0,3.0,-3.0,0.0,9.0,5.0
218,442050,20,4,2024,6,16,30,30.0,FINISHED,Bundesliga,2002,LEAGUE,REGULAR_SEASON,Union Berlin,28,Bayern,5,0.0,2.0,1.0,5.0,0.0,-4.0,0.0,0.0,1.0,16.0,5.0
219,436282,20,4,2024,6,18,30,34.0,FINISHED,Premier League,2021,LEAGUE,REGULAR_SEASON,Wolverhampton,76,Arsenal,57,0.0,1.0,0.0,2.0,0.0,-5.0,0.0,0.0,0.0,15.0,5.0
220,444577,20,4,2024,6,18,45,33.0,FINISHED,Serie A,2019,LEAGUE,REGULAR_SEASON,Verona,450,Udinese,115,0.0,0.0,1.0,0.0,2.0,-1.0,2.0,-2.0,2.0,16.0,5.0
221,442974,20,4,2024,6,19,0,30.0,FINISHED,Ligue 1,2015,LEAGUE,REGULAR_SEASON,RC Lens,546,Clermont Foot,541,1.0,0.0,1.0,0.0,5.0,0.0,5.0,-5.0,0.0,15.0,5.0
222,444582,21,4,2024,7,10,30,33.0,FINISHED,Serie A,2019,LEAGUE,REGULAR_SEASON,Sassuolo,471,Lecce,5890,0.0,2.0,0.0,3.0,3.0,-1.0,3.0,-3.0,1.0,13.0,5.0
223,437192,21,4,2024,7,11,30,44.0,FINISHED,Championship,2016,LEAGUE,REGULAR_SEASON,Blackburn,59,Sheffield Wed,345,1.0,1.0,1.0,3.0,1.0,-3.0,1.0,-1.0,1.0,16.0,5.0
224,436276,21,4,2024,7,12,30,34.0,FINISHED,Premier League,2021,LEAGUE,REGULAR_SEASON,Everton,62,Nottingham,351,1.0,0.0,2.0,0.0,2.0,-1.0,2.0,-2.0,2.0,10.0,5.0
225,442972,21,4,2024,7,13,0,30.0,FINISHED,Ligue 1,2015,LEAGUE,REGULAR_SEASON,Lille,521,Strasbourg,576,1.0,0.0,1.0,0.0,4.0,-1.0,4.0,-4.0,0.0,10.0,5.0
226,442968,21,4,2024,7,13,0,30.0,FINISHED,Ligue 1,2015,LEAGUE,REGULAR_SEASON,Le Havre,533,FC Metz,545,0.0,0.0,0.0,1.0,1.0,-1.0,1.0,-1.0,3.0,9.0,5.0
227,444583,21,4,2024,7,13,0,33.0,FINISHED,Serie A,2019,LEAGUE,REGULAR_SEASON,Torino,586,Frosinone,470,0.0,0.0,0.0,0.0,2.0,-1.0,2.0,-2.0,2.0,11.0,5.0
228,442976,21,4,2024,7,13,0,30.0,FINISHED,Ligue 1,2015,LEAGUE,REGULAR_SEASON,Stade de Reims,547,Montpellier,518,0.0,1.0,1.0,2.0,1.0,-2.0,1.0,-1.0,2.0,13.0,5.0
229,442057,21,4,2024,7,13,30,30.0,FINISHED,Bundesliga,2002,LEAGUE,REGULAR_SEASON,Bremen,12,Stuttgart,10,1.0,0.0,2.0,1.0,2.0,-2.0,2.0,-2.0,1.0,12.0,5.0
230,436275,21,4,2024,7,14,0,34.0,FINISHED,Premier League,2021,LEAGUE,REGULAR_SEASON,Crystal Palace,354,West Ham,563,4.0,1.0,5.0,2.0,3.0,-1.0,3.0,-3.0,1.0,24.0,5.0
231,436273,21,4,2024,7,14,0,34.0,FINISHED,Premier League,2021,LEAGUE,REGULAR_SEASON,Aston Villa,58,Bournemouth,1044,1.0,1.0,3.0,1.0,2.0,-2.0,2.0,-2.0,1.0,16.0,5.0
232,442975,21,4,2024,7,15,5,30.0,FINISHED,Ligue 1,2015,LEAGUE,REGULAR_SEASON,Brest,512,Monaco,548,0.0,1.0,0.0,2.0,0.0,-5.0,0.0,0.0,0.0,14.0,5.0
233,436277,21,4,2024,7,15,30,34.0,FINISHED,Premier League,2021,LEAGUE,REGULAR_SEASON,Fulham,63,Liverpool,64,1.0,1.0,1.0,3.0,0.0,-4.0,0.0,0.0,1.0,17.0,5.0
234,442052,21,4,2024,7,15,30,30.0,FINISHED,Bundesliga,2002,LEAGUE,REGULAR_SEASON,Dortmund,4,Leverkusen,3,0.0,0.0,1.0,1.0,2.0,-1.0,2.0,-2.0,2.0,14.0,5.0
235,444581,21,4,2024,7,16,0,33.0,FINISHED,Serie A,2019,LEAGUE,REGULAR_SEASON,Salernitana,455,Fiorentina,99,0.0,0.0,0.0,2.0,1.0,-3.0,1.0,-1.0,1.0,17.0,5.0
236,442970,21,4,2024,7,17,15,30.0,FINISHED,Ligue 1,2015,LEAGUE,REGULAR_SEASON,Toulouse,511,Marseille,516,1.0,1.0,2.0,2.0,0.0,-3.0,0.0,0.0,2.0,17.0,5.0
237,442053,21,4,2024,7,17,30,30.0,FINISHED,Bundesliga,2002,LEAGUE,REGULAR_SEASON,Freiburg,17,Mainz,15,1.0,1.0,1.0,1.0,2.0,0.0,2.0,-2.0,3.0,10.0,5.0
238,444579,21,4,2024,7,18,45,33.0,FINISHED,Serie A,2019,LEAGUE,REGULAR_SEASON,Monza,5911,Atalanta,102,0.0,1.0,1.0,2.0,0.0,-4.0,0.0,0.0,0.0,15.0,4.0
239,442973,21,4,2024,7,19,0,30.0,FINISHED,Ligue 1,2015,LEAGUE,REGULAR_SEASON,PSG,524,Olympique Lyon,523,4.0,1.0,4.0,1.0,3.0,-1.0,3.0,-3.0,1.0,14.0,5.0
240,444580,22,4,2024,1,16,30,33.0,FINISHED,Serie A,2019,LEAGUE,REGULAR_SEASON,Roma,100,Bologna,103,0.0,2.0,1.0,3.0,1.0,-2.0,1.0,-1.0,2.0,7.0,5.0
241,444578,22,4,2024,1,18,45,33.0,FINISHED,Serie A,2019,LEAGUE,REGULAR_SEASON,Milan,98,Inter,108,0.0,1.0,1.0,2.0,0.0,-5.0,0.0,0.0,0.0,13.0,5.0
242,437195,22,4,2024,1,19,0,44.0,FINISHED,Championship,2016,LEAGUE,REGULAR_SEASON,Middlesbrough,343,Leeds United,341,2.0,3.0,3.0,4.0,0.0,-4.0,0.0,0.0,1.0,19.0,5.0
243,437125,23,4,2024,2,19,0,38.0,FINISHED,Championship,2016,LEAGUE,REGULAR_SEASON,Leicester City,338,Southampton,340,1.0,0.0,5.0,0.0,3.0,-2.0,3.0,-3.0,0.0,19.0,5.0
244,436223,23,4,2024,2,19,0,29.0,FINISHED,Premier League,2021,LEAGUE,REGULAR_SEASON,Arsenal,57,Chelsea,61,1.0,0.0,5.0,0.0,4.0,0.0,4.0,-4.0,1.0,20.0,5.0
245,494823,23,4,2024,2,22,0,3.0,FINISHED,Copa Libertadores,2152,CUP,GROUP_STAGE,Estudiantes LP,2051,Grêmio,1767,0.0,0.0,0.0,1.0,0.0,-1.0,0.0,0.0,0.0,1.0,1.0
246,494872,23,4,2024,2,22,0,3.0,FINISHED,Copa Libertadores,2152,CUP,GROUP_STAGE,Caracas FC,5167,Rosario,2070,1.0,0.0,1.0,1.0,0.0,0.0,0.0,0.0,1.0,2.0,1.0
247,494860,24,4,2024,3,0,0,3.0,FINISHED,Copa Libertadores,2152,CUP,GROUP_STAGE,Liverpool,7118,San Lorenzo,2071,0.0,0.0,1.0,0.0,1.0,0.0,1.0,-1.0,0.0,1.0,1.0
248,494871,24,4,2024,3,0,0,3.0,FINISHED,Copa Libertadores,2152,CUP,GROUP_STAGE,Mineiro,1766,Peñarol,5184,2.0,0.0,3.0,2.0,1.0,-1.0,1.0,-1.0,0.0,7.0,2.0
249,494799,24,4,2024,3,0,30,3.0,FINISHED,Copa Libertadores,2152,CUP,GROUP_STAGE,Colo-Colo,4410,Alianza Lima,5680,0.0,0.0,0.0,0.0,1.0,0.0,1.0,-1.0,2.0,5.0,3.0
250,494835,24,4,2024,3,2,0,3.0,FINISHED,Copa Libertadores,2152,CUP,GROUP_STAGE,Junior,4439,LDU de Quito,4528,1.0,1.0,1.0,1.0,1.0,0.0,1.0,-1.0,1.0,3.0,2.0
251,441752,24,4,2024,3,16,45,31.0,FINISHED,Eredivisie,2003,LEAGUE,REGULAR_SEASON,Twente,666,Almere City,1911,1.0,0.0,3.0,1.0,4.0,0.0,4.0,-4.0,0.0,14.0,4.0
252,442962,24,4,2024,3,17,0,29.0,FINISHED,Ligue 1,2015,LEAGUE,REGULAR_SEASON,Lorient,525,PSG,524,0.0,2.0,1.0,4.0,1.0,-3.0,1.0,-1.0,1.0,18.0,5.0
253,437121,24,4,2024,3,18,45,38.0,FINISHED,Championship,2016,LEAGUE,REGULAR_SEASON,Coventry City,1076,Hull City,322,1.0,2.0,2.0,3.0,0.0,-3.0,0.0,0.0,2.0,16.0,5.0
254,436232,24,4,2024,3,18,45,29.0,FINISHED,Premier League,2021,LEAGUE,REGULAR_SEASON,Wolverhampton,76,Bournemouth,1044,0.0,1.0,0.0,1.0,2.0,-2.0,2.0,-2.0,1.0,6.0,5.0
255,436230,24,4,2024,3,19,0,29.0,FINISHED,Premier League,2021,LEAGUE,REGULAR_SEASON,Man United,66,Sheffield Utd,356,1.0,1.0,4.0,2.0,4.0,-1.0,4.0,-4.0,0.0,20.0,5.0
256,436226,24,4,2024,3,19,0,29.0,FINISHED,Premier League,2021,LEAGUE,REGULAR_SEASON,Crystal Palace,354,Newcastle,67,0.0,0.0,2.0,0.0,1.0,-2.0,1.0,-1.0,2.0,11.0,5.0
257,442964,24,4,2024,3,19,0,29.0,FINISHED,Ligue 1,2015,LEAGUE,REGULAR_SEASON,Marseille,516,Nice,522,1.0,1.0,2.0,2.0,2.0,-2.0,2.0,-2.0,1.0,15.0,5.0
258,441757,24,4,2024,3,19,0,31.0,FINISHED,Eredivisie,2003,LEAGUE,REGULAR_SEASON,Ajax,678,Excelsior,670,1.0,1.0,2.0,2.0,3.0,0.0,3.0,-3.0,2.0,29.0,5.0
259,442960,24,4,2024,3,19,0,29.0,FINISHED,Ligue 1,2015,LEAGUE,REGULAR_SEASON,Monaco,548,Lille,521,0.0,0.0,1.0,0.0,2.0,-2.0,2.0,-2.0,1.0,13.0,5.0
260,436227,24,4,2024,3,19,0,29.0,FINISHED,Premier League,2021,LEAGUE,REGULAR_SEASON,Everton,62,Liverpool,64,1.0,0.0,2.0,0.0,1.0,-3.0,1.0,-1.0,1.0,8.0,5.0
261,494836,24,4,2024,3,22,0,3.0,FINISHED,Copa Libertadores,2152,CUP,GROUP_STAGE,Botafogo,1770,Universitario,4268,0.0,0.0,3.0,1.0,1.0,0.0,1.0,-1.0,0.0,4.0,1.0
262,494824,24,4,2024,3,22,0,3.0,FINISHED,Copa Libertadores,2152,CUP,GROUP_STAGE,Huachipato,4457,The Strongest,4267,0.0,0.0,0.0,0.0,0.0,0.0,0.0,0.0,1.0,0.0,1.0
263,494883,24,4,2024,3,22,0,3.0,FINISHED,Copa Libertadores,2152,CUP,GROUP_STAGE,Club Nacional,7055,Táchira,5171,2.0,1.0,2.0,1.0,1.0,0.0,1.0,-1.0,0.0,3.0,1.0
264,494808,5,4,2024,5,0,0,1.0,FINISHED,Copa Libertadores,2152,CUP,GROUP_STAGE,Talleres,2073,São Paulo,1776,1.0,0.0,2.0,1.0,1.0,0.0,1.0,-1.0,0.0,3.0,1.0
265,494843,5,4,2024,5,0,0,1.0,FINISHED,Copa Libertadores,2152,CUP,GROUP_STAGE,Palestino,4460,Club Bolívar,4261,0.0,2.0,0.0,4.0,0.0,-1.0,0.0,0.0,0.0,4.0,1.0
266,494855,5,4,2024,5,0,0,1.0,FINISHED,Copa Libertadores,2152,CUP,GROUP_STAGE,Liverpool,7118,Independiente,6989,0.0,1.0,1.0,1.0,1.0,-1.0,1.0,-1.0,1.0,5.0,3.0
267,442032,6,4,2024,6,13,30,28.0,FINISHED,Bundesliga,2002,LEAGUE,REGULAR_SEASON,Heidenheim,44,Bayern,5,0.0,2.0,3.0,2.0,1.0,-2.0,1.0,-1.0,0.0,20.0,3.0
268,436257,6,4,2024,6,14,0,32.0,FINISHED,Premier League,2021,LEAGUE,REGULAR_SEASON,Fulham,63,Newcastle,67,0.0,0.0,0.0,1.0,0.0,-5.0,0.0,0.0,0.0,12.0,5.0
269,436253,6,4,2024,6,14,0,32.0,FINISHED,Premier League,2021,LEAGUE,REGULAR_SEASON,Aston Villa,58,Brentford,402,1.0,0.0,3.0,3.0,2.0,-1.0,2.0,-2.0,2.0,18.0,5.0
270,437164,6,4,2024,6,14,0,41.0,FINISHED,Championship,2016,LEAGUE,REGULAR_SEASON,QPR,69,Sheffield Wed,345,0.0,0.0,0.0,2.0,1.0,-3.0,1.0,-1.0,1.0,15.0,5.0
271,437157,6,4,2024,6,14,0,41.0,FINISHED,Championship,2016,LEAGUE,REGULAR_SEASON,Cardiff,715,Hull City,322,0.0,2.0,1.0,3.0,0.0,-5.0,0.0,0.0,0.0,16.0,5.0
272,444561,6,4,2024,6,16,0,31.0,FINISHED,Serie A,2019,LEAGUE,REGULAR_SEASON,Roma,100,Lazio,110,1.0,0.0,1.0,0.0,1.0,-3.0,1.0,-1.0,1.0,4.0,5.0
273,436254,6,4,2024,6,16,30,32.0,FINISHED,Premier League,2021,LEAGUE,REGULAR_SEASON,Brighton Hove,397,Arsenal,57,0.0,1.0,0.0,3.0,2.0,-3.0,2.0,-2.0,0.0,18.0,5.0
274,442039,6,4,2024,6,16,30,28.0,FINISHED,Bundesliga,2002,LEAGUE,REGULAR_SEASON,Dortmund,4,Stuttgart,10,0.0,0.0,0.0,1.0,1.0,-3.0,1.0,-1.0,1.0,17.0,5.0
275,441738,6,4,2024,6,16,45,29.0,FINISHED,Eredivisie,2003,LEAGUE,REGULAR_SEASON,PSV,674,AZ,682,2.0,0.0,5.0,1.0,3.0,-2.0,3.0,-3.0,0.0,17.0,5.0
276,441737,6,4,2024,6,18,0,29.0,FINISHED,Eredivisie,2003,LEAGUE,REGULAR_SEASON,Zwolle,684,Excelsior,670,1.0,0.0,2.0,1.0,4.0,-1.0,4.0,-4.0,0.0,15.0,5.0
277,444555,6,4,2024,6,18,45,31.0,FINISHED,Serie A,2019,LEAGUE,REGULAR_SEASON,Empoli,445,Torino,586,1.0,0.0,3.0,2.0,1.0,-2.0,1.0,-1.0,2.0,16.0,5.0
278,441741,6,4,2024,6,19,0,29.0,FINISHED,Eredivisie,2003,LEAGUE,REGULAR_SEASON,Twente,666,Sittard,1920,0.0,0.0,2.0,0.0,4.0,-1.0,4.0,-4.0,0.0,14.0,5.0
279,442955,6,4,2024,6,19,0,28.0,FINISHED,Ligue 1,2015,LEAGUE,REGULAR_SEASON,PSG,524,Clermont Foot,541,0.0,1.0,1.0,1.0,2.0,-1.0,2.0,-2.0,2.0,19.0,5.0
280,441739,7,4,2024,7,10,15,29.0,FINISHED,Eredivisie,2003,LEAGUE,REGULAR_SEASON,Vitesse,679,NEC,1915,0.0,0.0,0.0,3.0,3.0,-1.0,3.0,-3.0,1.0,16.0,5.0
281,444556,7,4,2024,7,10,30,31.0,FINISHED,Serie A,2019,LEAGUE,REGULAR_SEASON,Frosinone,470,Bologna,103,0.0,0.0,0.0,0.0,2.0,-1.0,2.0,-2.0,2.0,8.0,5.0
282,442957,7,4,2024,7,11,0,28.0,FINISHED,Ligue 1,2015,LEAGUE,REGULAR_SEASON,Brest,512,FC Metz,545,3.0,1.0,4.0,3.0,3.0,-2.0,3.0,-3.0,0.0,18.0,5.0
283,441734,7,4,2024,7,12,30,29.0,FINISHED,Eredivisie,2003,LEAGUE,REGULAR_SEASON,Feyenoord,675,Ajax,678,3.0,0.0,6.0,0.0,3.0,-1.0,3.0,-3.0,1.0,20.0,5.0
284,441740,7,4,2024,7,12,30,29.0,FINISHED,Eredivisie,2003,LEAGUE,REGULAR_SEASON,Go Ahead,718,Almere City,1911,1.0,1.0,1.0,1.0,2.0,-1.0,2.0,-2.0,2.0,10.0,5.0
285,442952,7,4,2024,7,13,0,28.0,FINISHED,Ligue 1,2015,LEAGUE,REGULAR_SEASON,Toulouse,511,Strasbourg,576,0.0,0.0,0.0,0.0,1.0,-2.0,1.0,-1.0,2.0,10.0,5.0
286,442958,7,4,2024,7,13,0,28.0,FINISHED,Ligue 1,2015,LEAGUE,REGULAR_SEASON,Stade de Reims,547,Nice,522,0.0,0.0,0.0,0.0,0.0,-2.0,0.0,0.0,3.0,8.0,5.0
287,444560,7,4,2024,7,13,0,31.0,FINISHED,Serie A,2019,LEAGUE,REGULAR_SEASON,Monza,5911,Napoli,113,1.0,0.0,2.0,4.0,1.0,-2.0,1.0,-1.0,1.0,12.0,4.0
288,442953,7,4,2024,7,13,0,28.0,FINISHED,Ligue 1,2015,LEAGUE,REGULAR_SEASON,Montpellier,518,Lorient,525,0.0,0.0,2.0,0.0,4.0,0.0,4.0,-4.0,1.0,10.0,5.0
289,442038,7,4,2024,7,13,30,28.0,FINISHED,Bundesliga,2002,LEAGUE,REGULAR_SEASON,Hoffenheim,2,Augsburg,16,2.0,0.0,3.0,1.0,3.0,-1.0,3.0,-3.0,1.0,12.0,5.0
290,436259,7,4,2024,7,14,30,32.0,FINISHED,Premier League,2021,LEAGUE,REGULAR_SEASON,Man United,66,Liverpool,64,0.0,1.0,2.0,2.0,2.0,-1.0,2.0,-2.0,2.0,21.0,5.0
291,441735,7,4,2024,7,14,45,29.0,FINISHED,Eredivisie,2003,LEAGUE,REGULAR_SEASON,Volendam,1919,RKC,683,2.0,0.0,3.0,2.0,2.0,-2.0,2.0,-2.0,1.0,22.0,5.0
292,442950,7,4,2024,7,15,5,28.0,FINISHED,Ligue 1,2015,LEAGUE,REGULAR_SEASON,Monaco,548,Stade Rennais,529,1.0,0.0,1.0,0.0,3.0,-1.0,3.0,-3.0,1.0,13.0,5.0
293,442035,7,4,2024,7,15,30,28.0,FINISHED,Bundesliga,2002,LEAGUE,REGULAR_SEASON,Wolfsburg,11,M'gladbach,18,1.0,0.0,1.0,3.0,0.0,-4.0,0.0,0.0,1.0,15.0,5.0
294,444557,7,4,2024,7,16,0,31.0,FINISHED,Serie A,2019,LEAGUE,REGULAR_SEASON,Verona,450,Genoa,107,1.0,1.0,1.0,2.0,1.0,-2.0,1.0,-1.0,2.0,15.0,5.0
295,444554,7,4,2024,7,16,0,31.0,FINISHED,Serie A,2019,LEAGUE,REGULAR_SEASON,Cagliari,104,Atalanta,102,1.0,1.0,2.0,1.0,2.0,-3.0,2.0,-2.0,0.0,12.0,5.0
296,436260,7,4,2024,7,16,30,32.0,FINISHED,Premier League,2021,LEAGUE,REGULAR_SEASON,Sheffield Utd,356,Chelsea,61,1.0,1.0,2.0,2.0,0.0,-4.0,0.0,0.0,1.0,16.0,5.0
297,436261,7,4,2024,7,17,0,32.0,FINISHED,Premier League,2021,LEAGUE,REGULAR_SEASON,Tottenham,73,Nottingham,351,1.0,1.0,3.0,1.0,4.0,-1.0,4.0,-4.0,0.0,14.0,5.0
298,441736,7,4,2024,7,18,0,29.0,FINISHED,Eredivisie,2003,LEAGUE,REGULAR_SEASON,Heerenveen,673,Utrecht,676,0.0,1.0,2.0,3.0,1.0,-4.0,1.0,-1.0,0.0,14.0,5.0
299,442951,7,4,2024,7,18,45,28.0,FINISHED,Ligue 1,2015,LEAGUE,REGULAR_SEASON,Nantes,543,Olympique Lyon,523,1.0,0.0,1.0,3.0,0.0,-3.0,0.0,0.0,2.0,12.0,5.0
300,444558,7,4,2024,7,18,45,31.0,FINISHED,Serie A,2019,LEAGUE,REGULAR_SEASON,Juventus,109,Fiorentina,99,1.0,0.0,1.0,0.0,3.0,-1.0,3.0,-3.0,1.0,7.0,5.0
301,444563,8,4,2024,1,18,45,31.0,FINISHED,Serie A,2019,LEAGUE,REGULAR_SEASON,Udinese,115,Inter,108,1.0,0.0,1.0,2.0,1.0,-4.0,1.0,-1.0,0.0,18.0,5.0
302,437172,9,4,2024,2,18,45,42.0,FINISHED,Championship,2016,LEAGUE,REGULAR_SEASON,Sheffield Wed,345,Norwich,68,0.0,2.0,2.0,2.0,0.0,-3.0,0.0,0.0,2.0,18.0,5.0
303,437167,9,4,2024,2,18,45,42.0,FINISHED,Championship,2016,LEAGUE,REGULAR_SEASON,Millwall,384,Leicester City,338,0.0,0.0,1.0,0.0,2.0,-3.0,2.0,-2.0,0.0,14.0,5.0
304,437171,9,4,2024,2,18,45,42.0,FINISHED,Championship,2016,LEAGUE,REGULAR_SEASON,Preston NE,1081,Huddersfield,394,0.0,1.0,4.0,1.0,4.0,-1.0,4.0,-4.0,0.0,17.0,5.0
305,437168,9,4,2024,2,18,45,42.0,FINISHED,Championship,2016,LEAGUE,REGULAR_SEASON,Southampton,340,Coventry City,1076,2.0,0.0,2.0,1.0,3.0,0.0,3.0,-3.0,2.0,13.0,5.0
306,437170,9,4,2024,2,18,45,42.0,FINISHED,Championship,2016,LEAGUE,REGULAR_SEASON,Plymouth Arg,1138,QPR,69,0.0,0.0,1.0,1.0,2.0,0.0,2.0,-2.0,2.0,10.0,4.0
307,437169,9,4,2024,2,19,0,42.0,FINISHED,Championship,2016,LEAGUE,REGULAR_SEASON,Leeds United,341,Sunderland,71,0.0,0.0,0.0,0.0,1.0,-2.0,1.0,-1.0,2.0,6.0,5.0
308,494822,9,4,2024,2,22,0,2.0,FINISHED,Copa Libertadores,2152,CUP,GROUP_STAGE,Grêmio,1767,Huachipato,4457,0.0,2.0,0.0,2.0,0.0,-1.0,0.0,0.0,0.0,2.0,1.0
309,494821,9,4,2024,2,22,0,2.0,FINISHED,Copa Libertadores,2152,CUP,GROUP_STAGE,Estudiantes LP,2051,The Strongest,4267,0.0,1.0,2.0,1.0,1.0,-1.0,1.0,-1.0,0.0,4.0,2.0
310,494881,10,4,2024,3,0,0,2.0,FINISHED,Copa Libertadores,2152,CUP,GROUP_STAGE,Libertad,9379,Táchira,5171,2.0,0.0,3.0,0.0,1.0,0.0,1.0,-1.0,1.0,5.0,2.0
311,494798,10,4,2024,3,0,0,2.0,FINISHED,Copa Libertadores,2152,CUP,GROUP_STAGE,Fluminense,1765,Colo-Colo,4410,1.0,1.0,2.0,1.0,2.0,0.0,2.0,-2.0,0.0,4.0,2.0
312,494833,10,4,2024,3,2,0,2.0,FINISHED,Copa Libertadores,2152,CUP,GROUP_STAGE,Junior,4439,Universitario,4268,1.0,1.0,1.0,1.0,0.0,0.0,0.0,0.0,2.0,4.0,2.0
313,437176,10,4,2024,3,18,45,42.0,FINISHED,Championship,2016,LEAGUE,REGULAR_SEASON,Ipswich Town,349,Watford,346,0.0,0.0,0.0,0.0,1.0,-1.0,1.0,-1.0,3.0,4.0,5.0
314,437174,10,4,2024,3,18,45,42.0,FINISHED,Championship,2016,LEAGUE,REGULAR_SEASON,Bristol City,387,Blackburn,59,2.0,0.0,5.0,0.0,3.0,-1.0,3.0,-3.0,1.0,16.0,5.0
315,437175,10,4,2024,3,18,45,42.0,FINISHED,Championship,2016,LEAGUE,REGULAR_SEASON,Hull City,322,Middlesbrough,343,2.0,1.0,2.0,2.0,2.0,-2.0,2.0,-2.0,1.0,16.0,5.0
316,437173,10,4,2024,3,18,45,42.0,FINISHED,Championship,2016,LEAGUE,REGULAR_SEASON,Birmingham,332,Cardiff,715,0.0,0.0,0.0,1.0,1.0,-4.0,1.0,-1.0,0.0,9.0,5.0
317,437178,10,4,2024,3,19,0,42.0,FINISHED,Championship,2016,LEAGUE,REGULAR_SEASON,West Brom,74,Rotherham Utd,385,2.0,0.0,2.0,0.0,4.0,-1.0,4.0,-4.0,0.0,14.0,5.0
318,437177,10,4,2024,3,19,0,42.0,FINISHED,Championship,2016,LEAGUE,REGULAR_SEASON,Swansea,72,Stoke,70,1.0,0.0,3.0,0.0,1.0,-2.0,1.0,-1.0,2.0,14.0,5.0
319,494797,10,4,2024,3,22,0,2.0,FINISHED,Copa Libertadores,2152,CUP,GROUP_STAGE,Cerro Porteño,9373,Alianza Lima,5680,0.0,0.0,1.0,0.0,1.0,0.0,1.0,-1.0,1.0,3.0,2.0
320,494857,10,4,2024,3,22,0,2.0,FINISHED,Copa Libertadores,2152,CUP,GROUP_STAGE,Independiente,6989,San Lorenzo,2071,2.0,0.0,2.0,0.0,1.0,-1.0,1.0,-1.0,0.0,4.0,2.0
321,494869,10,4,2024,3,22,0,2.0,FINISHED,Copa Libertadores,2152,CUP,GROUP_STAGE,Mineiro,1766,Rosario,2070,1.0,0.0,2.0,1.0,2.0,0.0,2.0,-2.0,0.0,4.0,2.0
322,494870,11,4,2024,4,0,0,2.0,FINISHED,Copa Libertadores,2152,CUP,GROUP_STAGE,Peñarol,5184,Caracas FC,5167,4.0,0.0,5.0,0.0,2.0,0.0,2.0,-2.0,0.0,6.0,2.0
323,494846,11,4,2024,4,0,30,2.0,FINISHED,Copa Libertadores,2152,CUP,GROUP_STAGE,Flamengo,1783,Palestino,4460,1.0,0.0,2.0,0.0,1.0,-1.0,1.0,-1.0,0.0,3.0,2.0
324,494810,11,4,2024,4,0,30,2.0,FINISHED,Copa Libertadores,2152,CUP,GROUP_STAGE,São Paulo,1776,Cobresal,7913,0.0,0.0,2.0,0.0,2.0,0.0,2.0,-2.0,0.0,6.0,2.0
325,494809,11,4,2024,4,2,0,2.0,FINISHED,Copa Libertadores,2152,CUP,GROUP_STAGE,Barcelona SC,4520,Talleres,2073,1.0,1.0,2.0,2.0,0.0,-1.0,0.0,0.0,1.0,8.0,2.0
326,494834,11,4,2024,4,22,0,2.0,FINISHED,Copa Libertadores,2152,CUP,GROUP_STAGE,LDU de Quito,4528,Botafogo,1770,1.0,0.0,1.0,0.0,1.0,-1.0,1.0,-1.0,0.0,4.0,2.0
327,494845,11,4,2024,4,22,0,2.0,FINISHED,Copa Libertadores,2152,CUP,GROUP_STAGE,Club Bolívar,4261,Millonarios,4444,3.0,1.0,3.0,2.0,1.0,0.0,1.0,-1.0,1.0,7.0,2.0
328,494882,12,4,2024,5,0,0,2.0,FINISHED,Copa Libertadores,2152,CUP,GROUP_STAGE,River Plate,6667,Club Nacional,7055,1.0,0.0,2.0,0.0,1.0,0.0,1.0,-1.0,1.0,6.0,2.0
329,494858,12,4,2024,5,0,0,2.0,FINISHED,Copa Libertadores,2152,CUP,GROUP_STAGE,Palmeiras,1769,Liverpool,7118,1.0,1.0,3.0,1.0,2.0,0.0,2.0,-2.0,0.0,9.0,2.0
330,441743,12,4,2024,5,18,0,30.0,FINISHED,Eredivisie,2003,LEAGUE,REGULAR_SEASON,Excelsior,670,Volendam,1919,2.0,0.0,4.0,0.0,3.0,-2.0,3.0,-3.0,0.0,22.0,5.0
331,442042,12,4,2024,5,18,30,29.0,FINISHED,Bundesliga,2002,LEAGUE,REGULAR_SEASON,Augsburg,16,Union Berlin,28,0.0,0.0,2.0,0.0,3.0,0.0,3.0,-3.0,2.0,11.0,5.0
332,444568,12,4,2024,5,18,45,32.0,FINISHED,Serie A,2019,LEAGUE,REGULAR_SEASON,Lazio,110,Salernitana,455,3.0,1.0,4.0,1.0,3.0,-2.0,3.0,-3.0,0.0,17.0,5.0
333,437186,12,4,2024,5,19,0,43.0,FINISHED,Championship,2016,LEAGUE,REGULAR_SEASON,Plymouth Arg,1138,Leicester City,338,1.0,0.0,1.0,0.0,1.0,-4.0,1.0,-1.0,0.0,16.0,5.0
334,442963,12,4,2024,5,19,0,29.0,FINISHED,Ligue 1,2015,LEAGUE,REGULAR_SEASON,FC Metz,545,RC Lens,546,2.0,1.0,2.0,1.0,2.0,-1.0,2.0,-2.0,2.0,13.0,5.0
335,436270,13,4,2024,6,11,30,33.0,FINISHED,Premier League,2021,LEAGUE,REGULAR_SEASON,Newcastle,67,Tottenham,73,2.0,0.0,4.0,0.0,3.0,-2.0,3.0,-3.0,0.0,25.0,5.0
336,437185,13,4,2024,6,11,30,43.0,FINISHED,Championship,2016,LEAGUE,REGULAR_SEASON,Leeds United,341,Blackburn,59,0.0,0.0,0.0,1.0,4.0,-1.0,4.0,-4.0,0.0,15.0,5.0
337,444569,13,4,2024,6,13,0,32.0,FINISHED,Serie A,2019,LEAGUE,REGULAR_SEASON,Lecce,5890,Empoli,445,0.0,0.0,1.0,0.0,1.0,-2.0,1.0,-1.0,2.0,9.0,5.0
338,442046,13,4,2024,6,13,30,29.0,FINISHED,Bundesliga,2002,LEAGUE,REGULAR_SEASON,Bayern,5,1. FC Köln,1,0.0,0.0,2.0,0.0,4.0,0.0,4.0,-4.0,1.0,12.0,5.0
339,442049,13,4,2024,6,13,30,29.0,FINISHED,Bundesliga,2002,LEAGUE,REGULAR_SEASON,Bochum,36,Heidenheim,44,0.0,0.0,1.0,1.0,3.0,0.0,3.0,-3.0,2.0,10.0,5.0
340,442041,13,4,2024,6,13,30,29.0,FINISHED,Bundesliga,2002,LEAGUE,REGULAR_SEASON,M'gladbach,18,Dortmund,4,1.0,2.0,1.0,2.0,1.0,-4.0,1.0,-1.0,0.0,28.0,5.0
341,442047,13,4,2024,6,13,30,29.0,FINISHED,Bundesliga,2002,LEAGUE,REGULAR_SEASON,Mainz,15,Hoffenheim,2,0.0,1.0,4.0,1.0,3.0,-1.0,3.0,-3.0,1.0,15.0,5.0
342,442045,13,4,2024,6,13,30,29.0,FINISHED,Bundesliga,2002,LEAGUE,REGULAR_SEASON,RB Leipzig,721,Wolfsburg,11,1.0,0.0,3.0,0.0,3.0,-2.0,3.0,-3.0,0.0,12.0,5.0
343,437180,13,4,2024,6,14,0,43.0,FINISHED,Championship,2016,LEAGUE,REGULAR_SEASON,Bristol City,387,Huddersfield,394,0.0,0.0,1.0,1.0,1.0,-1.0,1.0,-1.0,3.0,8.0,5.0
344,437188,13,4,2024,6,14,0,43.0,FINISHED,Championship,2016,LEAGUE,REGULAR_SEASON,Sheffield Wed,345,Stoke,70,0.0,0.0,1.0,1.0,1.0,-2.0,1.0,-1.0,2.0,9.0,5.0
345,437184,13,4,2024,6,14,0,43.0,FINISHED,Championship,2016,LEAGUE,REGULAR_SEASON,Ipswich Town,349,Middlesbrough,343,1.0,1.0,1.0,1.0,1.0,-2.0,1.0,-1.0,2.0,12.0,5.0
346,437190,13,4,2024,6,14,0,43.0,FINISHED,Championship,2016,LEAGUE,REGULAR_SEASON,West Brom,74,Sunderland,71,0.0,1.0,0.0,1.0,2.0,-3.0,2.0,-2.0,0.0,12.0,5.0
347,437182,13,4,2024,6,14,0,43.0,FINISHED,Championship,2016,LEAGUE,REGULAR_SEASON,Southampton,340,Watford,346,2.0,1.0,3.0,2.0,2.0,-1.0,2.0,-2.0,2.0,15.0,5.0
348,436265,13,4,2024,6,14,0,33.0,FINISHED,Premier League,2021,LEAGUE,REGULAR_SEASON,Brentford,402,Sheffield Utd,356,0.0,0.0,2.0,0.0,1.0,-3.0,1.0,-1.0,1.0,12.0,5.0
349,437187,13,4,2024,6,14,0,43.0,FINISHED,Championship,2016,LEAGUE,REGULAR_SEASON,Preston NE,1081,Norwich,68,0.0,0.0,0.0,1.0,1.0,-2.0,1.0,-1.0,2.0,12.0,5.0
350,437183,13,4,2024,6,14,0,43.0,FINISHED,Championship,2016,LEAGUE,REGULAR_SEASON,Hull City,322,QPR,69,2.0,0.0,3.0,0.0,2.0,-2.0,2.0,-2.0,1.0,14.0,5.0
351,437189,13,4,2024,6,14,0,43.0,FINISHED,Championship,2016,LEAGUE,REGULAR_SEASON,Swansea,72,Rotherham Utd,385,0.0,0.0,1.0,0.0,3.0,0.0,3.0,-3.0,2.0,12.0,5.0
352,437181,13,4,2024,6,14,0,43.0,FINISHED,Championship,2016,LEAGUE,REGULAR_SEASON,Millwall,384,Cardiff,715,2.0,1.0,3.0,1.0,4.0,-1.0,4.0,-4.0,0.0,11.0,5.0
353,437179,13,4,2024,6,14,0,43.0,FINISHED,Championship,2016,LEAGUE,REGULAR_SEASON,Birmingham,332,Coventry City,1076,2.0,0.0,3.0,0.0,1.0,-3.0,1.0,-1.0,1.0,13.0,5.0
354,436271,13,4,2024,6,14,0,33.0,FINISHED,Premier League,2021,LEAGUE,REGULAR_SEASON,Nottingham,351,Wolverhampton,76,1.0,1.0,2.0,2.0,1.0,-1.0,1.0,-1.0,3.0,18.0,5.0
355,436266,13,4,2024,6,14,0,33.0,FINISHED,Premier League,2021,LEAGUE,REGULAR_SEASON,Burnley,328,Brighton Hove,397,0.0,0.0,1.0,1.0,1.0,-1.0,1.0,-1.0,3.0,12.0,5.0
356,436269,13,4,2024,6,14,0,33.0,FINISHED,Premier League,2021,LEAGUE,REGULAR_SEASON,Man City,65,Luton Town,389,1.0,0.0,5.0,1.0,4.0,0.0,4.0,-4.0,1.0,25.0,5.0
357,441745,13,4,2024,6,14,30,30.0,FINISHED,Eredivisie,2003,LEAGUE,REGULAR_SEASON,PSV,674,Vitesse,679,3.0,0.0,6.0,0.0,4.0,0.0,4.0,-4.0,1.0,18.0,5.0
358,442966,13,4,2024,6,15,0,29.0,FINISHED,Ligue 1,2015,LEAGUE,REGULAR_SEASON,Strasbourg,576,Stade de Reims,547,1.0,1.0,3.0,1.0,2.0,-1.0,2.0,-2.0,2.0,13.0,5.0
359,444572,13,4,2024,6,16,0,32.0,FINISHED,Serie A,2019,LEAGUE,REGULAR_SEASON,Torino,586,Juventus,109,0.0,0.0,0.0,0.0,0.0,-3.0,0.0,0.0,2.0,11.0,5.0
360,442044,13,4,2024,6,16,30,29.0,FINISHED,Bundesliga,2002,LEAGUE,REGULAR_SEASON,Stuttgart,10,Frankfurt,19,3.0,0.0,3.0,0.0,2.0,-2.0,2.0,-2.0,1.0,17.0,5.0
361,436263,13,4,2024,6,16,30,33.0,FINISHED,Premier League,2021,LEAGUE,REGULAR_SEASON,Bournemouth,1044,Man United,66,2.0,1.0,2.0,2.0,1.0,-3.0,1.0,-1.0,1.0,18.0,5.0
362,441748,13,4,2024,6,16,45,30.0,FINISHED,Eredivisie,2003,LEAGUE,REGULAR_SEASON,AZ,682,RKC,683,0.0,2.0,3.0,2.0,3.0,-2.0,3.0,-3.0,0.0,20.0,5.0
363,444565,13,4,2024,6,18,45,32.0,FINISHED,Serie A,2019,LEAGUE,REGULAR_SEASON,Bologna,103,Monza,5911,0.0,0.0,0.0,0.0,1.0,-1.0,1.0,-1.0,2.0,4.0,4.0
364,441746,13,4,2024,6,19,0,30.0,FINISHED,Eredivisie,2003,LEAGUE,REGULAR_SEASON,Almere City,1911,Sparta,6806,1.0,2.0,2.0,3.0,1.0,-3.0,1.0,-1.0,0.0,19.0,4.0
365,442967,13,4,2024,6,19,0,29.0,FINISHED,Ligue 1,2015,LEAGUE,REGULAR_SEASON,Stade Rennais,529,Toulouse,511,1.0,2.0,1.0,2.0,2.0,-2.0,2.0,-2.0,1.0,12.0,5.0
366,441749,14,4,2024,7,10,15,30.0,FINISHED,Eredivisie,2003,LEAGUE,REGULAR_SEASON,Heracles,671,Heerenveen,673,0.0,1.0,0.0,2.0,1.0,-4.0,1.0,-1.0,0.0,9.0,5.0
367,444570,14,4,2024,7,10,30,32.0,FINISHED,Serie A,2019,LEAGUE,REGULAR_SEASON,Napoli,113,Frosinone,470,1.0,0.0,2.0,2.0,3.0,-1.0,3.0,-3.0,1.0,18.0,5.0
368,442959,14,4,2024,7,11,0,29.0,FINISHED,Ligue 1,2015,LEAGUE,REGULAR_SEASON,Le Havre,533,Nantes,543,0.0,0.0,0.0,1.0,0.0,-3.0,0.0,0.0,2.0,6.0,5.0
369,441744,14,4,2024,7,12,30,30.0,FINISHED,Eredivisie,2003,LEAGUE,REGULAR_SEASON,Sittard,1920,Feyenoord,675,0.0,1.0,0.0,1.0,0.0,-3.0,0.0,0.0,2.0,13.0,5.0
370,441750,14,4,2024,7,12,30,30.0,FINISHED,Eredivisie,2003,LEAGUE,REGULAR_SEASON,Utrecht,676,Go Ahead,718,1.0,1.0,2.0,1.0,2.0,-1.0,2.0,-2.0,2.0,14.0,5.0
371,442961,14,4,2024,7,13,0,29.0,FINISHED,Ligue 1,2015,LEAGUE,REGULAR_SEASON,Clermont Foot,541,Montpellier,518,1.0,0.0,1.0,1.0,1.0,-1.0,1.0,-1.0,3.0,12.0,5.0
372,436272,14,4,2024,7,13,0,33.0,FINISHED,Premier League,2021,LEAGUE,REGULAR_SEASON,West Ham,563,Fulham,63,0.0,1.0,0.0,2.0,2.0,-2.0,2.0,-2.0,1.0,12.0,5.0
373,444571,14,4,2024,7,13,0,32.0,FINISHED,Serie A,2019,LEAGUE,REGULAR_SEASON,Sassuolo,471,Milan,98,2.0,1.0,3.0,3.0,1.0,-2.0,1.0,-1.0,2.0,17.0,5.0
374,436268,14,4,2024,7,13,0,33.0,FINISHED,Premier League,2021,LEAGUE,REGULAR_SEASON,Liverpool,64,Crystal Palace,354,0.0,1.0,0.0,1.0,2.0,-1.0,2.0,-2.0,2.0,10.0,5.0
375,442043,14,4,2024,7,13,30,29.0,FINISHED,Bundesliga,2002,LEAGUE,REGULAR_SEASON,Darmstadt,55,Freiburg,17,0.0,1.0,0.0,1.0,2.0,-2.0,2.0,-2.0,1.0,21.0,5.0
376,441751,14,4,2024,7,14,45,30.0,FINISHED,Eredivisie,2003,LEAGUE,REGULAR_SEASON,Ajax,678,Twente,666,0.0,1.0,2.0,1.0,2.0,-2.0,2.0,-2.0,1.0,12.0,5.0
377,442048,14,4,2024,7,15,30,29.0,FINISHED,Bundesliga,2002,LEAGUE,REGULAR_SEASON,Leverkusen,3,Bremen,12,1.0,0.0,5.0,0.0,3.0,0.0,3.0,-3.0,2.0,15.0,5.0
378,436264,14,4,2024,7,15,30,33.0,FINISHED,Premier League,2021,LEAGUE,REGULAR_SEASON,Arsenal,57,Aston Villa,58,0.0,0.0,0.0,2.0,3.0,-2.0,3.0,-3.0,0.0,13.0,5.0
379,441747,14,4,2024,7,18,0,30.0,FINISHED,Eredivisie,2003,LEAGUE,REGULAR_SEASON,NEC,1915,Zwolle,684,0.0,1.0,2.0,2.0,2.0,-1.0,2.0,-2.0,2.0,14.0,5.0
380,444567,14,4,2024,7,18,45,32.0,FINISHED,Serie A,2019,LEAGUE,REGULAR_SEASON,Inter,108,Cagliari,104,1.0,0.0,2.0,2.0,4.0,0.0,4.0,-4.0,1.0,15.0,5.0
381,442965,14,4,2024,7,18,45,29.0,FINISHED,Ligue 1,2015,LEAGUE,REGULAR_SEASON,Olympique Lyon,523,Brest,512,1.0,0.0,4.0,3.0,2.0,-2.0,2.0,-2.0,1.0,17.0,5.0
382,437132,29,3,2024,5,12,30,39.0,FINISHED,Championship,2016,LEAGUE,REGULAR_SEASON,Bristol City,387,Leicester City,338,0.0,0.0,1.0,0.0,2.0,-3.0,2.0,-2.0,0.0,10.0,5.0
383,437134,29,3,2024,5,13,0,39.0,FINISHED,Championship,2016,LEAGUE,REGULAR_SEASON,Millwall,384,West Brom,74,1.0,0.0,1.0,1.0,2.0,0.0,2.0,-2.0,3.0,7.0,5.0
384,437139,29,3,2024,5,15,0,39.0,FINISHED,Championship,2016,LEAGUE,REGULAR_SEASON,Norwich,68,Plymouth Arg,1138,0.0,1.0,2.0,1.0,1.0,-1.0,1.0,-1.0,0.0,11.0,2.0
385,437135,29,3,2024,5,15,0,39.0,FINISHED,Championship,2016,LEAGUE,REGULAR_SEASON,Southampton,340,Middlesbrough,343,1.0,0.0,1.0,1.0,3.0,-1.0,3.0,-3.0,1.0,13.0,5.0
386,437141,29,3,2024,5,15,0,39.0,FINISHED,Championship,2016,LEAGUE,REGULAR_SEASON,QPR,69,Birmingham,332,0.0,0.0,2.0,1.0,2.0,-2.0,2.0,-2.0,1.0,9.0,5.0
387,437137,29,3,2024,5,15,0,39.0,FINISHED,Championship,2016,LEAGUE,REGULAR_SEASON,Huddersfield,394,Coventry City,1076,0.0,2.0,1.0,3.0,1.0,-3.0,1.0,-1.0,1.0,15.0,5.0
388,437133,29,3,2024,5,15,0,39.0,FINISHED,Championship,2016,LEAGUE,REGULAR_SEASON,Cardiff,715,Sunderland,71,0.0,2.0,0.0,2.0,3.0,-2.0,3.0,-3.0,0.0,9.0,5.0
389,437140,29,3,2024,5,15,0,39.0,FINISHED,Championship,2016,LEAGUE,REGULAR_SEASON,Preston NE,1081,Rotherham Utd,385,3.0,0.0,3.0,0.0,2.0,-1.0,2.0,-2.0,2.0,11.0,5.0
390,437142,29,3,2024,5,15,0,39.0,FINISHED,Championship,2016,LEAGUE,REGULAR_SEASON,Sheffield Wed,345,Swansea,72,1.0,0.0,1.0,1.0,0.0,-3.0,0.0,0.0,2.0,12.0,5.0
391,437138,29,3,2024,5,15,0,39.0,FINISHED,Championship,2016,LEAGUE,REGULAR_SEASON,Hull City,322,Stoke,70,0.0,0.0,0.0,2.0,1.0,-3.0,1.0,-1.0,1.0,11.0,5.0
392,437131,29,3,2024,5,17,30,39.0,FINISHED,Championship,2016,LEAGUE,REGULAR_SEASON,Blackburn,59,Ipswich Town,349,0.0,1.0,0.0,1.0,2.0,-2.0,2.0,-2.0,1.0,17.0,5.0
393,442948,29,3,2024,5,20,0,27.0,FINISHED,Ligue 1,2015,LEAGUE,REGULAR_SEASON,Lille,521,RC Lens,546,1.0,0.0,2.0,1.0,2.0,-1.0,2.0,-2.0,2.0,11.0,5.0
394,437136,29,3,2024,5,20,0,39.0,FINISHED,Championship,2016,LEAGUE,REGULAR_SEASON,Watford,346,Leeds United,341,2.0,1.0,2.0,2.0,1.0,-3.0,1.0,-1.0,1.0,12.0,5.0
395,444551,30,3,2024,6,11,30,30.0,FINISHED,Serie A,2019,LEAGUE,REGULAR_SEASON,Napoli,113,Atalanta,102,0.0,2.0,0.0,3.0,4.0,-1.0,4.0,-4.0,0.0,15.0,5.0
396,436239,30,3,2024,6,12,30,30.0,FINISHED,Premier League,2021,LEAGUE,REGULAR_SEASON,Newcastle,67,West Ham,563,1.0,2.0,4.0,3.0,2.0,0.0,2.0,-2.0,3.0,21.0,5.0
397,444547,30,3,2024,6,14,0,30.0,FINISHED,Serie A,2019,LEAGUE,REGULAR_SEASON,Genoa,107,Frosinone,470,1.0,1.0,1.0,1.0,1.0,-2.0,1.0,-1.0,2.0,11.0,5.0
398,444553,30,3,2024,6,14,0,30.0,FINISHED,Serie A,2019,LEAGUE,REGULAR_SEASON,Torino,586,Monza,5911,0.0,0.0,1.0,0.0,2.0,0.0,2.0,-2.0,2.0,8.0,4.0
399,442027,30,3,2024,6,14,30,27.0,FINISHED,Bundesliga,2002,LEAGUE,REGULAR_SEASON,RB Leipzig,721,Mainz,15,0.0,0.0,0.0,0.0,1.0,-2.0,1.0,-1.0,2.0,12.0,5.0
400,442029,30,3,2024,6,14,30,27.0,FINISHED,Bundesliga,2002,LEAGUE,REGULAR_SEASON,Leverkusen,3,Hoffenheim,2,0.0,1.0,2.0,1.0,4.0,-1.0,4.0,-4.0,0.0,21.0,5.0
401,436240,30,3,2024,6,15,0,30.0,FINISHED,Premier League,2021,LEAGUE,REGULAR_SEASON,Nottingham,351,Crystal Palace,354,0.0,1.0,1.0,1.0,2.0,0.0,2.0,-2.0,3.0,8.0,5.0
402,436241,30,3,2024,6,15,0,30.0,FINISHED,Premier League,2021,LEAGUE,REGULAR_SEASON,Sheffield Utd,356,Fulham,63,0.0,0.0,3.0,3.0,2.0,-2.0,2.0,-2.0,1.0,16.0,5.0
403,441722,30,3,2024,6,15,30,27.0,FINISHED,Eredivisie,2003,LEAGUE,REGULAR_SEASON,NEC,1915,PSV,674,1.0,1.0,3.0,1.0,1.0,-4.0,1.0,-1.0,0.0,22.0,5.0
404,442944,30,3,2024,6,16,0,27.0,FINISHED,Ligue 1,2015,LEAGUE,REGULAR_SEASON,FC Metz,545,Monaco,548,0.0,3.0,2.0,5.0,0.0,-5.0,0.0,0.0,0.0,17.0,5.0
405,444549,30,3,2024,6,17,0,30.0,FINISHED,Serie A,2019,LEAGUE,REGULAR_SEASON,Lazio,110,Juventus,109,0.0,0.0,1.0,0.0,3.0,-2.0,3.0,-3.0,0.0,13.0,5.0
406,442023,30,3,2024,6,17,30,27.0,FINISHED,Bundesliga,2002,LEAGUE,REGULAR_SEASON,Bayern,5,Dortmund,4,0.0,1.0,0.0,2.0,3.0,-1.0,3.0,-3.0,1.0,20.0,5.0
407,436234,30,3,2024,6,17,30,30.0,FINISHED,Premier League,2021,LEAGUE,REGULAR_SEASON,Aston Villa,58,Wolverhampton,76,1.0,0.0,2.0,0.0,1.0,-2.0,1.0,-1.0,2.0,10.0,5.0
408,441724,30,3,2024,6,17,45,27.0,FINISHED,Eredivisie,2003,LEAGUE,REGULAR_SEASON,Sparta,6806,Sittard,1920,1.0,0.0,4.0,0.0,3.0,-1.0,3.0,-3.0,1.0,13.0,5.0
409,441720,30,3,2024,6,19,0,27.0,FINISHED,Eredivisie,2003,LEAGUE,REGULAR_SEASON,RKC,683,Heerenveen,673,0.0,0.0,1.0,1.0,1.0,-1.0,1.0,-1.0,3.0,11.0,5.0
410,441717,30,3,2024,6,19,0,27.0,FINISHED,Eredivisie,2003,LEAGUE,REGULAR_SEASON,Go Ahead,718,Excelsior,670,1.0,0.0,3.0,0.0,3.0,-1.0,3.0,-3.0,1.0,13.0,5.0
411,444546,30,3,2024,6,19,45,30.0,FINISHED,Serie A,2019,LEAGUE,REGULAR_SEASON,Fiorentina,99,Milan,98,0.0,0.0,1.0,2.0,1.0,-4.0,1.0,-1.0,0.0,11.0,5.0
412,436235,30,3,2024,6,20,0,30.0,FINISHED,Premier League,2021,LEAGUE,REGULAR_SEASON,Brentford,402,Man United,66,0.0,0.0,1.0,1.0,1.0,-3.0,1.0,-1.0,1.0,13.0,5.0
413,442947,30,3,2024,6,20,0,27.0,FINISHED,Ligue 1,2015,LEAGUE,REGULAR_SEASON,Olympique Lyon,523,Stade de Reims,547,0.0,0.0,1.0,1.0,1.0,-1.0,1.0,-1.0,3.0,9.0,5.0
414,441719,30,3,2024,6,20,0,27.0,FINISHED,Eredivisie,2003,LEAGUE,REGULAR_SEASON,AZ,682,Vitesse,679,0.0,0.0,2.0,0.0,4.0,0.0,4.0,-4.0,1.0,11.0,5.0
415,441721,31,3,2024,7,10,15,27.0,FINISHED,Eredivisie,2003,LEAGUE,REGULAR_SEASON,Zwolle,684,Ajax,678,0.0,2.0,1.0,3.0,0.0,-4.0,0.0,0.0,1.0,15.0,5.0
416,442943,31,3,2024,7,11,0,27.0,FINISHED,Ligue 1,2015,LEAGUE,REGULAR_SEASON,Lorient,525,Brest,512,0.0,0.0,0.0,1.0,3.0,-2.0,3.0,-3.0,0.0,12.0,5.0
417,441723,31,3,2024,7,12,30,27.0,FINISHED,Eredivisie,2003,LEAGUE,REGULAR_SEASON,Twente,666,Heracles,671,0.0,0.0,1.0,0.0,2.0,0.0,2.0,-2.0,3.0,10.0,5.0
418,441716,31,3,2024,7,12,30,27.0,FINISHED,Eredivisie,2003,LEAGUE,REGULAR_SEASON,Feyenoord,675,Utrecht,676,1.0,2.0,4.0,2.0,4.0,0.0,4.0,-4.0,1.0,21.0,5.0
419,442945,31,3,2024,7,13,0,27.0,FINISHED,Ligue 1,2015,LEAGUE,REGULAR_SEASON,Nice,522,Nantes,543,0.0,1.0,1.0,2.0,1.0,-2.0,1.0,-1.0,2.0,13.0,5.0
420,442942,31,3,2024,7,13,0,27.0,FINISHED,Ligue 1,2015,LEAGUE,REGULAR_SEASON,Clermont Foot,541,Toulouse,511,0.0,1.0,0.0,3.0,2.0,-2.0,2.0,-2.0,1.0,15.0,5.0
421,436237,31,3,2024,7,13,0,30.0,FINISHED,Premier League,2021,LEAGUE,REGULAR_SEASON,Liverpool,64,Brighton Hove,397,1.0,1.0,2.0,1.0,1.0,-2.0,1.0,-1.0,2.0,19.0,5.0
422,442941,31,3,2024,7,13,0,27.0,FINISHED,Ligue 1,2015,LEAGUE,REGULAR_SEASON,Le Havre,533,Montpellier,518,0.0,0.0,0.0,2.0,0.0,-2.0,0.0,0.0,3.0,9.0,5.0
423,442028,31,3,2024,7,13,30,27.0,FINISHED,Bundesliga,2002,LEAGUE,REGULAR_SEASON,Augsburg,16,1. FC Köln,1,1.0,1.0,1.0,1.0,0.0,-3.0,0.0,0.0,2.0,18.0,5.0
424,441718,31,3,2024,7,14,45,27.0,FINISHED,Eredivisie,2003,LEAGUE,REGULAR_SEASON,Almere City,1911,Volendam,1919,0.0,0.0,1.0,1.0,1.0,-3.0,1.0,-1.0,1.0,16.0,5.0
425,442949,31,3,2024,7,15,5,27.0,FINISHED,Ligue 1,2015,LEAGUE,REGULAR_SEASON,Strasbourg,576,Stade Rennais,529,0.0,0.0,2.0,0.0,2.0,-2.0,2.0,-2.0,1.0,14.0,5.0
426,436238,31,3,2024,7,15,30,30.0,FINISHED,Premier League,2021,LEAGUE,REGULAR_SEASON,Man City,65,Arsenal,57,0.0,0.0,0.0,0.0,2.0,-2.0,2.0,-2.0,1.0,17.0,5.0
427,442030,31,3,2024,7,15,30,27.0,FINISHED,Bundesliga,2002,LEAGUE,REGULAR_SEASON,Stuttgart,10,Heidenheim,44,1.0,0.0,3.0,3.0,2.0,-1.0,2.0,-2.0,2.0,18.0,5.0
428,442031,31,3,2024,7,17,30,27.0,FINISHED,Bundesliga,2002,LEAGUE,REGULAR_SEASON,Bochum,36,Darmstadt,55,1.0,0.0,2.0,2.0,2.0,-1.0,2.0,-2.0,2.0,14.0,5.0
429,442946,31,3,2024,7,18,45,27.0,FINISHED,Ligue 1,2015,LEAGUE,REGULAR_SEASON,Marseille,516,PSG,524,0.0,0.0,0.0,2.0,0.0,-5.0,0.0,0.0,0.0,13.0,5.0
430,444544,1,4,2024,1,10,30,30.0,FINISHED,Serie A,2019,LEAGUE,REGULAR_SEASON,Bologna,103,Salernitana,455,2.0,0.0,3.0,0.0,2.0,0.0,2.0,-2.0,3.0,14.0,5.0
431,437149,1,4,2024,1,11,30,40.0,FINISHED,Championship,2016,LEAGUE,REGULAR_SEASON,Leicester City,338,Norwich,68,1.0,1.0,3.0,1.0,4.0,-1.0,4.0,-4.0,0.0,13.0,5.0
432,444552,1,4,2024,1,13,0,30.0,FINISHED,Serie A,2019,LEAGUE,REGULAR_SEASON,Sassuolo,471,Udinese,115,1.0,1.0,1.0,1.0,0.0,-1.0,0.0,0.0,4.0,16.0,5.0
433,444545,1,4,2024,1,13,0,30.0,FINISHED,Serie A,2019,LEAGUE,REGULAR_SEASON,Cagliari,104,Verona,450,0.0,1.0,1.0,1.0,0.0,-3.0,0.0,0.0,2.0,9.0,5.0
434,437143,1,4,2024,1,14,0,40.0,FINISHED,Championship,2016,LEAGUE,REGULAR_SEASON,Sunderland,71,Blackburn,59,0.0,2.0,1.0,5.0,2.0,-3.0,2.0,-2.0,0.0,17.0,5.0
435,437151,1,4,2024,1,14,0,40.0,FINISHED,Championship,2016,LEAGUE,REGULAR_SEASON,Rotherham Utd,385,Millwall,384,0.0,0.0,2.0,1.0,1.0,-3.0,1.0,-1.0,1.0,12.0,5.0
436,437153,1,4,2024,1,14,0,40.0,FINISHED,Championship,2016,LEAGUE,REGULAR_SEASON,Swansea,72,QPR,69,0.0,0.0,0.0,1.0,1.0,-2.0,1.0,-1.0,2.0,7.0,5.0
437,437145,1,4,2024,1,14,0,40.0,FINISHED,Championship,2016,LEAGUE,REGULAR_SEASON,Coventry City,1076,Cardiff,715,1.0,1.0,1.0,2.0,1.0,-3.0,1.0,-1.0,1.0,11.0,5.0
438,437146,1,4,2024,1,14,0,40.0,FINISHED,Championship,2016,LEAGUE,REGULAR_SEASON,Middlesbrough,343,Sheffield Wed,345,1.0,0.0,2.0,0.0,3.0,-1.0,3.0,-3.0,1.0,14.0,5.0
439,437144,1,4,2024,1,14,0,40.0,FINISHED,Championship,2016,LEAGUE,REGULAR_SEASON,Birmingham,332,Preston NE,1081,0.0,0.0,1.0,0.0,2.0,-2.0,2.0,-2.0,1.0,10.0,5.0
440,437152,1,4,2024,1,14,0,40.0,FINISHED,Championship,2016,LEAGUE,REGULAR_SEASON,Stoke,70,Huddersfield,394,0.0,1.0,1.0,1.0,1.0,-1.0,1.0,-1.0,3.0,15.0,5.0
441,437154,1,4,2024,1,14,0,40.0,FINISHED,Championship,2016,LEAGUE,REGULAR_SEASON,West Brom,74,Watford,346,0.0,0.0,2.0,2.0,0.0,-2.0,0.0,0.0,3.0,16.0,5.0
442,437150,1,4,2024,1,14,0,40.0,FINISHED,Championship,2016,LEAGUE,REGULAR_SEASON,Plymouth Arg,1138,Bristol City,387,0.0,0.0,0.0,1.0,2.0,-3.0,2.0,-2.0,0.0,16.0,5.0
443,444550,1,4,2024,1,16,0,30.0,FINISHED,Serie A,2019,LEAGUE,REGULAR_SEASON,Lecce,5890,Roma,100,0.0,0.0,0.0,0.0,0.0,-3.0,0.0,0.0,2.0,12.0,5.0
444,437147,1,4,2024,1,16,30,40.0,FINISHED,Championship,2016,LEAGUE,REGULAR_SEASON,Ipswich Town,349,Southampton,340,1.0,2.0,3.0,2.0,2.0,-2.0,2.0,-2.0,1.0,12.0,5.0
445,444548,1,4,2024,1,18,45,30.0,FINISHED,Serie A,2019,LEAGUE,REGULAR_SEASON,Inter,108,Empoli,445,1.0,0.0,2.0,0.0,4.0,-1.0,4.0,-4.0,0.0,13.0,5.0
446,437148,1,4,2024,1,19,0,40.0,FINISHED,Championship,2016,LEAGUE,REGULAR_SEASON,Leeds United,341,Hull City,322,1.0,1.0,3.0,1.0,3.0,-1.0,3.0,-3.0,1.0,12.0,5.0
447,441732,2,4,2024,2,16,45,28.0,FINISHED,Eredivisie,2003,LEAGUE,REGULAR_SEASON,Vitesse,679,Sparta,6806,1.0,3.0,1.0,4.0,0.0,-5.0,0.0,0.0,0.0,15.0,5.0
448,441727,2,4,2024,2,18,0,28.0,FINISHED,Eredivisie,2003,LEAGUE,REGULAR_SEASON,Excelsior,670,PSV,674,0.0,0.0,0.0,2.0,0.0,-5.0,0.0,0.0,0.0,19.0,5.0
449,436250,2,4,2024,2,18,30,31.0,FINISHED,Premier League,2021,LEAGUE,REGULAR_SEASON,Newcastle,67,Everton,62,1.0,0.0,1.0,1.0,2.0,-2.0,2.0,-2.0,1.0,12.0,5.0
450,436247,2,4,2024,2,18,30,31.0,FINISHED,Premier League,2021,LEAGUE,REGULAR_SEASON,Nottingham,351,Fulham,63,3.0,0.0,3.0,1.0,2.0,-3.0,2.0,-2.0,0.0,17.0,5.0
451,436246,2,4,2024,2,18,45,31.0,FINISHED,Premier League,2021,LEAGUE,REGULAR_SEASON,Burnley,328,Wolverhampton,76,1.0,1.0,1.0,1.0,2.0,-1.0,2.0,-2.0,2.0,8.0,5.0
452,436243,2,4,2024,2,18,45,31.0,FINISHED,Premier League,2021,LEAGUE,REGULAR_SEASON,Bournemouth,1044,Crystal Palace,354,0.0,0.0,1.0,0.0,3.0,-2.0,3.0,-3.0,0.0,7.0,5.0
453,441733,2,4,2024,2,19,0,28.0,FINISHED,Eredivisie,2003,LEAGUE,REGULAR_SEASON,Sittard,1920,NEC,1915,0.0,0.0,1.0,1.0,0.0,-2.0,0.0,0.0,3.0,16.0,5.0
454,436248,2,4,2024,2,19,15,31.0,FINISHED,Premier League,2021,LEAGUE,REGULAR_SEASON,West Ham,563,Tottenham,73,1.0,1.0,1.0,1.0,1.0,-2.0,1.0,-1.0,2.0,13.0,5.0
455,494807,2,4,2024,2,22,0,1.0,FINISHED,Copa Libertadores,2152,CUP,GROUP_STAGE,Cobresal,7913,Barcelona SC,4520,0.0,0.0,1.0,1.0,0.0,0.0,0.0,0.0,1.0,2.0,1.0
456,494844,2,4,2024,2,22,0,1.0,FINISHED,Copa Libertadores,2152,CUP,GROUP_STAGE,Millonarios,4444,Flamengo,1783,0.0,0.0,1.0,1.0,0.0,0.0,0.0,0.0,1.0,2.0,1.0
457,494820,3,4,2024,3,0,0,1.0,FINISHED,Copa Libertadores,2152,CUP,GROUP_STAGE,The Strongest,4267,Grêmio,1767,1.0,0.0,2.0,0.0,1.0,0.0,1.0,-1.0,0.0,2.0,1.0
458,494879,3,4,2024,3,0,30,1.0,FINISHED,Copa Libertadores,2152,CUP,GROUP_STAGE,Táchira,5171,River Plate,6667,0.0,0.0,0.0,2.0,0.0,-1.0,0.0,0.0,0.0,2.0,1.0
459,494832,3,4,2024,3,2,0,1.0,FINISHED,Copa Libertadores,2152,CUP,GROUP_STAGE,Universitario,4268,LDU de Quito,4528,0.0,1.0,2.0,1.0,1.0,0.0,1.0,-1.0,0.0,3.0,1.0
460,441731,3,4,2024,3,16,45,28.0,FINISHED,Eredivisie,2003,LEAGUE,REGULAR_SEASON,Heracles,671,AZ,682,3.0,0.0,5.0,0.0,2.0,-2.0,2.0,-2.0,1.0,20.0,5.0
461,441729,3,4,2024,3,18,0,28.0,FINISHED,Eredivisie,2003,LEAGUE,REGULAR_SEASON,Utrecht,676,Zwolle,684,0.0,0.0,5.0,1.0,2.0,-1.0,2.0,-2.0,2.0,21.0,5.0
462,436244,3,4,2024,3,18,30,31.0,FINISHED,Premier League,2021,LEAGUE,REGULAR_SEASON,Arsenal,57,Luton Town,389,2.0,0.0,2.0,0.0,3.0,-1.0,3.0,-3.0,1.0,14.0,5.0
463,436245,3,4,2024,3,18,30,31.0,FINISHED,Premier League,2021,LEAGUE,REGULAR_SEASON,Brentford,402,Brighton Hove,397,0.0,0.0,0.0,0.0,1.0,-2.0,1.0,-1.0,2.0,13.0,5.0
464,441728,3,4,2024,3,19,0,28.0,FINISHED,Eredivisie,2003,LEAGUE,REGULAR_SEASON,Heerenveen,673,Twente,666,2.0,3.0,3.0,3.0,1.0,-2.0,1.0,-1.0,2.0,18.0,5.0
465,436252,3,4,2024,3,19,15,31.0,FINISHED,Premier League,2021,LEAGUE,REGULAR_SEASON,Man City,65,Aston Villa,58,2.0,1.0,4.0,1.0,3.0,-1.0,3.0,-3.0,1.0,17.0,5.0
466,494831,3,4,2024,3,22,0,1.0,FINISHED,Copa Libertadores,2152,CUP,GROUP_STAGE,Botafogo,1770,Junior,4439,1.0,3.0,1.0,3.0,0.0,-1.0,0.0,0.0,0.0,4.0,1.0
467,494819,3,4,2024,3,22,0,1.0,FINISHED,Copa Libertadores,2152,CUP,GROUP_STAGE,Huachipato,4457,Estudiantes LP,2051,0.0,1.0,1.0,1.0,0.0,0.0,0.0,0.0,1.0,2.0,1.0
468,494880,3,4,2024,3,22,0,1.0,FINISHED,Copa Libertadores,2152,CUP,GROUP_STAGE,Club Nacional,7055,Libertad,9379,1.0,0.0,2.0,0.0,1.0,0.0,1.0,-1.0,0.0,2.0,1.0
469,494796,4,4,2024,4,0,0,1.0,FINISHED,Copa Libertadores,2152,CUP,GROUP_STAGE,Colo-Colo,4410,Cerro Porteño,9373,0.0,0.0,1.0,0.0,1.0,0.0,1.0,-1.0,0.0,1.0,1.0
470,494856,4,4,2024,4,0,30,1.0,FINISHED,Copa Libertadores,2152,CUP,GROUP_STAGE,San Lorenzo,2071,Palmeiras,1769,1.0,0.0,1.0,1.0,0.0,0.0,0.0,0.0,1.0,2.0,1.0
471,494795,4,4,2024,4,0,30,1.0,FINISHED,Copa Libertadores,2152,CUP,GROUP_STAGE,Alianza Lima,5680,Fluminense,1765,1.0,0.0,1.0,1.0,0.0,0.0,0.0,0.0,1.0,2.0,1.0
472,441725,4,4,2024,4,16,45,28.0,FINISHED,Eredivisie,2003,LEAGUE,REGULAR_SEASON,Volendam,1919,Feyenoord,675,0.0,0.0,0.0,0.0,1.0,-3.0,1.0,-1.0,1.0,12.0,5.0
473,441726,4,4,2024,4,18,0,28.0,FINISHED,Eredivisie,2003,LEAGUE,REGULAR_SEASON,RKC,683,Almere City,1911,0.0,0.0,0.0,0.0,0.0,-4.0,0.0,0.0,1.0,9.0,5.0
474,436251,4,4,2024,4,18,30,31.0,FINISHED,Premier League,2021,LEAGUE,REGULAR_SEASON,Liverpool,64,Sheffield Utd,356,1.0,0.0,3.0,1.0,5.0,0.0,5.0,-5.0,0.0,13.0,5.0
475,441730,4,4,2024,4,19,0,28.0,FINISHED,Eredivisie,2003,LEAGUE,REGULAR_SEASON,Ajax,678,Go Ahead,718,1.0,0.0,1.0,1.0,1.0,-1.0,1.0,-1.0,3.0,12.0,5.0
476,436249,4,4,2024,4,19,15,31.0,FINISHED,Premier League,2021,LEAGUE,REGULAR_SEASON,Chelsea,61,Man United,66,2.0,2.0,4.0,3.0,1.0,-2.0,1.0,-1.0,2.0,19.0,5.0
477,494867,4,4,2024,4,22,0,1.0,FINISHED,Copa Libertadores,2152,CUP,GROUP_STAGE,Caracas FC,5167,Mineiro,1766,0.0,3.0,1.0,4.0,0.0,-1.0,0.0,0.0,0.0,5.0,1.0
478,494868,4,4,2024,4,22,0,1.0,FINISHED,Copa Libertadores,2152,CUP,GROUP_STAGE,Rosario,2070,Peñarol,5184,1.0,0.0,1.0,0.0,1.0,0.0,1.0,-1.0,0.0,1.0,1.0
479,437129,16,3,2024,6,12,30,38.0,FINISHED,Championship,2016,LEAGUE,REGULAR_SEASON,Swansea,72,Cardiff,715,1.0,0.0,2.0,0.0,4.0,-1.0,4.0,-4.0,0.0,15.0,5.0
480,444540,16,3,2024,6,14,0,29.0,FINISHED,Serie A,2019,LEAGUE,REGULAR_SEASON,Monza,5911,Cagliari,104,1.0,0.0,1.0,0.0,1.0,0.0,1.0,-1.0,1.0,3.0,2.0
481,444543,16,3,2024,6,14,0,29.0,FINISHED,Serie A,2019,LEAGUE,REGULAR_SEASON,Udinese,115,Torino,586,0.0,1.0,0.0,2.0,1.0,-3.0,1.0,-1.0,1.0,10.0,5.0
482,442019,16,3,2024,6,14,30,26.0,FINISHED,Bundesliga,2002,LEAGUE,REGULAR_SEASON,Union Berlin,28,Bremen,12,0.0,0.0,2.0,1.0,4.0,-1.0,4.0,-4.0,0.0,13.0,5.0
483,442014,16,3,2024,6,14,30,26.0,FINISHED,Bundesliga,2002,LEAGUE,REGULAR_SEASON,Darmstadt,55,Bayern,5,1.0,2.0,2.0,5.0,0.0,-5.0,0.0,0.0,0.0,21.0,5.0
484,442021,16,3,2024,6,14,30,26.0,FINISHED,Bundesliga,2002,LEAGUE,REGULAR_SEASON,Wolfsburg,11,Augsburg,16,1.0,1.0,1.0,3.0,0.0,-3.0,0.0,0.0,2.0,18.0,5.0
485,442018,16,3,2024,6,14,30,26.0,FINISHED,Bundesliga,2002,LEAGUE,REGULAR_SEASON,Heidenheim,44,M'gladbach,18,0.0,1.0,1.0,1.0,0.0,-3.0,0.0,0.0,1.0,23.0,4.0
486,442020,16,3,2024,6,14,30,26.0,FINISHED,Bundesliga,2002,LEAGUE,REGULAR_SEASON,Mainz,15,Bochum,36,1.0,0.0,2.0,0.0,3.0,-1.0,3.0,-3.0,1.0,20.0,5.0
487,437127,16,3,2024,6,15,0,38.0,FINISHED,Championship,2016,LEAGUE,REGULAR_SEASON,Rotherham Utd,385,Huddersfield,394,0.0,0.0,0.0,0.0,1.0,-2.0,1.0,-1.0,2.0,7.0,5.0
488,437130,16,3,2024,6,15,0,38.0,FINISHED,Championship,2016,LEAGUE,REGULAR_SEASON,West Brom,74,Bristol City,387,1.0,0.0,2.0,0.0,2.0,-2.0,2.0,-2.0,1.0,9.0,5.0
489,437122,16,3,2024,6,15,0,38.0,FINISHED,Championship,2016,LEAGUE,REGULAR_SEASON,Middlesbrough,343,Blackburn,59,0.0,0.0,0.0,0.0,1.0,-3.0,1.0,-1.0,1.0,10.0,5.0
490,436225,16,3,2024,6,15,0,29.0,FINISHED,Premier League,2021,LEAGUE,REGULAR_SEASON,Burnley,328,Brentford,402,1.0,0.0,2.0,1.0,3.0,-2.0,3.0,-3.0,0.0,15.0,5.0
491,437119,16,3,2024,6,15,0,38.0,FINISHED,Championship,2016,LEAGUE,REGULAR_SEASON,Sunderland,71,QPR,69,0.0,0.0,0.0,0.0,3.0,0.0,3.0,-3.0,2.0,15.0,5.0
492,436229,16,3,2024,6,15,0,29.0,FINISHED,Premier League,2021,LEAGUE,REGULAR_SEASON,Luton Town,389,Nottingham,351,0.0,1.0,1.0,1.0,2.0,0.0,2.0,-2.0,3.0,8.0,5.0
493,437120,16,3,2024,6,15,0,38.0,FINISHED,Championship,2016,LEAGUE,REGULAR_SEASON,Birmingham,332,Watford,346,0.0,1.0,0.0,1.0,0.0,-4.0,0.0,0.0,1.0,11.0,5.0
494,437128,16,3,2024,6,15,0,38.0,FINISHED,Championship,2016,LEAGUE,REGULAR_SEASON,Stoke,70,Norwich,68,0.0,2.0,0.0,3.0,0.0,-4.0,0.0,0.0,1.0,13.0,5.0
495,437123,16,3,2024,6,15,0,38.0,FINISHED,Championship,2016,LEAGUE,REGULAR_SEASON,Ipswich Town,349,Sheffield Wed,345,3.0,0.0,6.0,0.0,2.0,-1.0,2.0,-2.0,2.0,16.0,5.0
496,437126,16,3,2024,6,15,0,38.0,FINISHED,Championship,2016,LEAGUE,REGULAR_SEASON,Plymouth Arg,1138,Preston NE,1081,0.0,1.0,0.0,1.0,1.0,-4.0,1.0,-1.0,0.0,10.0,5.0
497,444542,16,3,2024,6,17,0,29.0,FINISHED,Serie A,2019,LEAGUE,REGULAR_SEASON,Salernitana,455,Lecce,5890,0.0,1.0,0.0,1.0,1.0,-4.0,1.0,-1.0,0.0,11.0,5.0
498,436228,16,3,2024,6,17,30,29.0,FINISHED,Premier League,2021,LEAGUE,REGULAR_SEASON,Fulham,63,Tottenham,73,1.0,0.0,3.0,0.0,2.0,-3.0,2.0,-2.0,0.0,19.0,5.0
499,442022,16,3,2024,6,17,30,26.0,FINISHED,Bundesliga,2002,LEAGUE,REGULAR_SEASON,Hoffenheim,2,Stuttgart,10,0.0,2.0,0.0,3.0,2.0,-1.0,2.0,-2.0,2.0,17.0,5.0
500,441707,16,3,2024,6,17,45,26.0,FINISHED,Eredivisie,2003,LEAGUE,REGULAR_SEASON,Sittard,1920,Zwolle,684,1.0,0.0,3.0,1.0,3.0,-2.0,3.0,-3.0,0.0,10.0,5.0
501,441708,16,3,2024,6,19,0,26.0,FINISHED,Eredivisie,2003,LEAGUE,REGULAR_SEASON,Excelsior,670,RKC,683,1.0,0.0,1.0,1.0,0.0,-1.0,0.0,0.0,4.0,15.0,5.0
502,444536,16,3,2024,6,19,45,29.0,FINISHED,Serie A,2019,LEAGUE,REGULAR_SEASON,Frosinone,470,Lazio,110,1.0,1.0,2.0,3.0,0.0,-4.0,0.0,0.0,1.0,11.0,5.0
503,441710,16,3,2024,6,20,0,26.0,FINISHED,Eredivisie,2003,LEAGUE,REGULAR_SEASON,Vitesse,679,Almere City,1911,0.0,1.0,1.0,1.0,0.0,-1.0,0.0,0.0,1.0,7.0,2.0
504,442937,16,3,2024,6,20,0,26.0,FINISHED,Ligue 1,2015,LEAGUE,REGULAR_SEASON,RC Lens,546,Nice,522,0.0,1.0,1.0,3.0,1.0,-3.0,1.0,-1.0,1.0,10.0,5.0
505,441714,17,3,2024,7,11,15,26.0,FINISHED,Eredivisie,2003,LEAGUE,REGULAR_SEASON,Volendam,1919,AZ,682,0.0,2.0,0.0,4.0,0.0,-4.0,0.0,0.0,1.0,14.0,5.0
506,441709,17,3,2024,7,13,30,26.0,FINISHED,Eredivisie,2003,LEAGUE,REGULAR_SEASON,Utrecht,676,NEC,1915,0.0,0.0,1.0,0.0,2.0,-1.0,2.0,-2.0,2.0,9.0,5.0
507,441712,17,3,2024,7,13,30,26.0,FINISHED,Eredivisie,2003,LEAGUE,REGULAR_SEASON,Heerenveen,673,Feyenoord,675,1.0,1.0,2.0,3.0,0.0,-4.0,0.0,0.0,1.0,16.0,5.0
508,442939,17,3,2024,7,14,0,26.0,FINISHED,Ligue 1,2015,LEAGUE,REGULAR_SEASON,Stade de Reims,547,FC Metz,545,1.0,1.0,2.0,1.0,1.0,-1.0,1.0,-1.0,3.0,10.0,5.0
509,442932,17,3,2024,7,14,0,26.0,FINISHED,Ligue 1,2015,LEAGUE,REGULAR_SEASON,Monaco,548,Lorient,525,1.0,1.0,2.0,2.0,1.0,0.0,1.0,-1.0,4.0,16.0,5.0
510,444537,17,3,2024,7,14,0,29.0,FINISHED,Serie A,2019,LEAGUE,REGULAR_SEASON,Verona,450,Milan,98,0.0,1.0,1.0,3.0,0.0,-5.0,0.0,0.0,0.0,16.0,5.0
511,442933,17,3,2024,7,14,0,26.0,FINISHED,Ligue 1,2015,LEAGUE,REGULAR_SEASON,Clermont Foot,541,Le Havre,533,2.0,1.0,2.0,1.0,2.0,-1.0,2.0,-2.0,2.0,11.0,5.0
512,436231,17,3,2024,7,14,0,29.0,FINISHED,Premier League,2021,LEAGUE,REGULAR_SEASON,West Ham,563,Aston Villa,58,1.0,0.0,1.0,1.0,2.0,-1.0,2.0,-2.0,2.0,13.0,5.0
513,442016,17,3,2024,7,14,30,26.0,FINISHED,Bundesliga,2002,LEAGUE,REGULAR_SEASON,Freiburg,17,Leverkusen,3,1.0,2.0,2.0,3.0,1.0,-3.0,1.0,-1.0,1.0,18.0,5.0
514,437124,17,3,2024,7,15,0,38.0,FINISHED,Championship,2016,LEAGUE,REGULAR_SEASON,Leeds United,341,Millwall,384,1.0,0.0,2.0,0.0,4.0,-1.0,4.0,-4.0,0.0,18.0,5.0
515,441715,17,3,2024,7,15,45,26.0,FINISHED,Eredivisie,2003,LEAGUE,REGULAR_SEASON,Sparta,6806,Ajax,678,1.0,0.0,2.0,2.0,0.0,-4.0,0.0,0.0,1.0,15.0,5.0
516,442940,17,3,2024,7,16,5,26.0,FINISHED,Ligue 1,2015,LEAGUE,REGULAR_SEASON,Stade Rennais,529,Marseille,516,1.0,0.0,2.0,0.0,2.0,-2.0,2.0,-2.0,1.0,9.0,5.0
517,442017,17,3,2024,7,16,30,26.0,FINISHED,Bundesliga,2002,LEAGUE,REGULAR_SEASON,Dortmund,4,Frankfurt,19,1.0,1.0,3.0,1.0,4.0,0.0,4.0,-4.0,1.0,22.0,5.0
518,444541,17,3,2024,7,17,0,29.0,FINISHED,Serie A,2019,LEAGUE,REGULAR_SEASON,Roma,100,Sassuolo,471,0.0,0.0,1.0,0.0,2.0,-1.0,2.0,-2.0,2.0,17.0,5.0
519,441713,17,3,2024,7,19,0,26.0,FINISHED,Eredivisie,2003,LEAGUE,REGULAR_SEASON,PSV,674,Twente,666,0.0,0.0,1.0,0.0,4.0,-1.0,4.0,-4.0,0.0,15.0,5.0
520,444538,17,3,2024,7,19,45,29.0,FINISHED,Serie A,2019,LEAGUE,REGULAR_SEASON,Inter,108,Napoli,113,1.0,0.0,1.0,1.0,3.0,-1.0,3.0,-3.0,1.0,11.0,5.0
521,442936,17,3,2024,7,19,45,26.0,FINISHED,Ligue 1,2015,LEAGUE,REGULAR_SEASON,Montpellier,518,PSG,524,2.0,2.0,2.0,6.0,0.0,-5.0,0.0,0.0,0.0,26.0,5.0
522,493748,6,3,2024,3,0,30,1.0,FINISHED,Copa Libertadores,2152,CUP,ROUND_3,Club Nacional,5188,Palestino,4460,0.0,0.0,0.0,2.0,0.0,-2.0,0.0,0.0,0.0,6.0,2.0
523,437101,6,3,2024,3,19,45,36.0,FINISHED,Championship,2016,LEAGUE,REGULAR_SEASON,Cardiff,715,Huddersfield,394,1.0,0.0,1.0,0.0,2.0,-3.0,2.0,-2.0,0.0,12.0,5.0
524,437104,6,3,2024,3,19,45,36.0,FINISHED,Championship,2016,LEAGUE,REGULAR_SEASON,Watford,346,Swansea,72,0.0,1.0,1.0,1.0,2.0,-2.0,2.0,-2.0,1.0,12.0,5.0
525,437102,6,3,2024,3,19,45,36.0,FINISHED,Championship,2016,LEAGUE,REGULAR_SEASON,Middlesbrough,343,Norwich,68,2.0,1.0,3.0,1.0,4.0,0.0,4.0,-4.0,1.0,16.0,5.0
526,437105,6,3,2024,3,20,0,36.0,FINISHED,Championship,2016,LEAGUE,REGULAR_SEASON,QPR,69,West Brom,74,1.0,2.0,2.0,2.0,1.0,-2.0,1.0,-1.0,2.0,12.0,5.0
527,493747,7,3,2024,4,0,30,1.0,FINISHED,Copa Libertadores,2152,CUP,ROUND_3,Trinidense,10359,Colo-Colo,4410,1.0,0.0,1.0,1.0,0.0,-1.0,0.0,0.0,1.0,5.0,2.0
528,493746,7,3,2024,4,0,30,1.0,FINISHED,Copa Libertadores,2152,CUP,ROUND_3,Botafogo,1770,Bragantino,4286,1.0,1.0,2.0,1.0,3.0,0.0,3.0,-3.0,2.0,14.0,5.0
529,493745,8,3,2024,5,0,30,1.0,FINISHED,Copa Libertadores,2152,CUP,ROUND_3,Always Ready,7865,Club Nacional,7055,1.0,0.0,1.0,0.0,1.0,-1.0,1.0,-1.0,0.0,10.0,2.0
530,441700,8,3,2024,5,19,0,25.0,FINISHED,Eredivisie,2003,LEAGUE,REGULAR_SEASON,Go Ahead,718,PSV,674,0.0,1.0,0.0,1.0,0.0,-5.0,0.0,0.0,0.0,16.0,5.0
531,442006,8,3,2024,5,19,30,25.0,FINISHED,Bundesliga,2002,LEAGUE,REGULAR_SEASON,Stuttgart,10,Union Berlin,28,1.0,0.0,2.0,0.0,3.0,-2.0,3.0,-3.0,0.0,10.0,5.0
532,444532,8,3,2024,5,19,45,28.0,FINISHED,Serie A,2019,LEAGUE,REGULAR_SEASON,Napoli,113,Torino,586,0.0,0.0,1.0,1.0,3.0,-1.0,3.0,-3.0,1.0,14.0,5.0
533,442926,8,3,2024,5,20,0,25.0,FINISHED,Ligue 1,2015,LEAGUE,REGULAR_SEASON,Nice,522,Montpellier,518,1.0,2.0,1.0,2.0,2.0,-1.0,2.0,-2.0,2.0,15.0,5.0
534,437118,8,3,2024,5,20,0,37.0,FINISHED,Championship,2016,LEAGUE,REGULAR_SEASON,Sheffield Wed,345,Leeds United,341,0.0,1.0,0.0,2.0,1.0,-2.0,1.0,-1.0,2.0,5.0,5.0
535,436220,9,3,2024,6,12,30,28.0,FINISHED,Premier League,2021,LEAGUE,REGULAR_SEASON,Man United,66,Everton,62,2.0,0.0,2.0,0.0,5.0,0.0,5.0,-5.0,0.0,14.0,5.0
536,437109,9,3,2024,6,12,30,37.0,FINISHED,Championship,2016,LEAGUE,REGULAR_SEASON,Cardiff,715,Ipswich Town,349,0.0,0.0,2.0,1.0,3.0,-2.0,3.0,-3.0,0.0,16.0,5.0
537,444533,9,3,2024,6,14,0,28.0,FINISHED,Serie A,2019,LEAGUE,REGULAR_SEASON,Sassuolo,471,Frosinone,470,0.0,0.0,1.0,0.0,3.0,-1.0,3.0,-3.0,1.0,14.0,5.0
538,444525,9,3,2024,6,14,0,28.0,FINISHED,Serie A,2019,LEAGUE,REGULAR_SEASON,Cagliari,104,Salernitana,455,2.0,0.0,4.0,2.0,2.0,0.0,2.0,-2.0,3.0,18.0,5.0
539,442012,9,3,2024,6,14,30,25.0,FINISHED,Bundesliga,2002,LEAGUE,REGULAR_SEASON,Augsburg,16,Heidenheim,44,1.0,0.0,1.0,0.0,2.0,0.0,2.0,-2.0,0.0,8.0,2.0
540,442010,9,3,2024,6,14,30,25.0,FINISHED,Bundesliga,2002,LEAGUE,REGULAR_SEASON,M'gladbach,18,1. FC Köln,1,1.0,1.0,3.0,3.0,1.0,-2.0,1.0,-1.0,2.0,21.0,5.0
541,442013,9,3,2024,6,14,30,25.0,FINISHED,Bundesliga,2002,LEAGUE,REGULAR_SEASON,RB Leipzig,721,Darmstadt,55,1.0,0.0,2.0,0.0,5.0,0.0,5.0,-5.0,0.0,15.0,5.0
542,442009,9,3,2024,6,14,30,25.0,FINISHED,Bundesliga,2002,LEAGUE,REGULAR_SEASON,Bayern,5,Mainz,15,3.0,1.0,8.0,1.0,4.0,-1.0,4.0,-4.0,0.0,29.0,5.0
543,436218,9,3,2024,6,15,0,28.0,FINISHED,Premier League,2021,LEAGUE,REGULAR_SEASON,Crystal Palace,354,Luton Town,389,1.0,0.0,1.0,1.0,1.0,-1.0,1.0,-1.0,3.0,10.0,5.0
544,436222,9,3,2024,6,15,0,28.0,FINISHED,Premier League,2021,LEAGUE,REGULAR_SEASON,Wolverhampton,76,Fulham,63,0.0,0.0,2.0,1.0,2.0,-1.0,2.0,-2.0,2.0,11.0,5.0
545,437115,9,3,2024,6,15,0,37.0,FINISHED,Championship,2016,LEAGUE,REGULAR_SEASON,Norwich,68,Rotherham Utd,385,4.0,0.0,5.0,0.0,3.0,-1.0,3.0,-3.0,1.0,12.0,5.0
546,437117,9,3,2024,6,15,0,37.0,FINISHED,Championship,2016,LEAGUE,REGULAR_SEASON,QPR,69,Middlesbrough,343,0.0,0.0,0.0,2.0,2.0,-2.0,2.0,-2.0,1.0,17.0,5.0
547,437111,9,3,2024,6,15,0,37.0,FINISHED,Championship,2016,LEAGUE,REGULAR_SEASON,Southampton,340,Sunderland,71,2.0,0.0,4.0,2.0,3.0,-1.0,3.0,-3.0,1.0,18.0,5.0
548,437107,9,3,2024,6,15,0,37.0,FINISHED,Championship,2016,LEAGUE,REGULAR_SEASON,Blackburn,59,Plymouth Arg,1138,1.0,0.0,1.0,1.0,0.0,-2.0,0.0,0.0,2.0,9.0,4.0
549,436213,9,3,2024,6,15,0,28.0,FINISHED,Premier League,2021,LEAGUE,REGULAR_SEASON,Bournemouth,1044,Sheffield Utd,356,0.0,1.0,2.0,2.0,2.0,-1.0,2.0,-2.0,2.0,14.0,5.0
550,437114,9,3,2024,6,15,0,37.0,FINISHED,Championship,2016,LEAGUE,REGULAR_SEASON,Hull City,322,Leicester City,338,1.0,1.0,2.0,2.0,3.0,-1.0,3.0,-3.0,1.0,21.0,5.0
551,437116,9,3,2024,6,15,0,37.0,FINISHED,Championship,2016,LEAGUE,REGULAR_SEASON,Preston NE,1081,Stoke,70,0.0,0.0,1.0,2.0,3.0,-2.0,3.0,-3.0,0.0,11.0,5.0
552,437110,9,3,2024,6,15,0,37.0,FINISHED,Championship,2016,LEAGUE,REGULAR_SEASON,Millwall,384,Birmingham,332,0.0,0.0,1.0,0.0,1.0,-1.0,1.0,-1.0,3.0,8.0,5.0
553,437112,9,3,2024,6,15,0,37.0,FINISHED,Championship,2016,LEAGUE,REGULAR_SEASON,Watford,346,Coventry City,1076,1.0,1.0,1.0,2.0,0.0,-2.0,0.0,0.0,3.0,14.0,5.0
554,442924,9,3,2024,6,16,0,25.0,FINISHED,Ligue 1,2015,LEAGUE,REGULAR_SEASON,Lorient,525,Olympique Lyon,523,0.0,0.0,0.0,2.0,1.0,-2.0,1.0,-1.0,2.0,17.0,5.0
555,444524,9,3,2024,6,17,0,28.0,FINISHED,Serie A,2019,LEAGUE,REGULAR_SEASON,Bologna,103,Inter,108,0.0,1.0,0.0,1.0,2.0,-2.0,2.0,-2.0,1.0,16.0,5.0
556,436214,9,3,2024,6,17,30,28.0,FINISHED,Premier League,2021,LEAGUE,REGULAR_SEASON,Arsenal,57,Brentford,402,1.0,1.0,2.0,1.0,4.0,0.0,4.0,-4.0,1.0,10.0,5.0
557,442005,9,3,2024,6,17,30,25.0,FINISHED,Bundesliga,2002,LEAGUE,REGULAR_SEASON,Bremen,12,Dortmund,4,0.0,2.0,1.0,2.0,1.0,-4.0,1.0,-1.0,0.0,16.0,5.0
558,441705,9,3,2024,6,17,45,25.0,FINISHED,Eredivisie,2003,LEAGUE,REGULAR_SEASON,Twente,666,Sparta,6806,1.0,0.0,2.0,1.0,2.0,0.0,2.0,-2.0,3.0,17.0,5.0
559,441698,9,3,2024,6,19,0,25.0,FINISHED,Eredivisie,2003,LEAGUE,REGULAR_SEASON,Almere City,1911,Utrecht,676,1.0,1.0,1.0,1.0,1.0,0.0,1.0,-1.0,1.0,4.0,2.0
560,444527,9,3,2024,6,19,45,28.0,FINISHED,Serie A,2019,LEAGUE,REGULAR_SEASON,Genoa,107,Monza,5911,0.0,2.0,2.0,3.0,0.0,-2.0,0.0,0.0,0.0,6.0,2.0
561,442931,9,3,2024,6,20,0,25.0,FINISHED,Ligue 1,2015,LEAGUE,REGULAR_SEASON,RC Lens,546,Brest,512,1.0,0.0,1.0,0.0,2.0,-2.0,2.0,-2.0,1.0,14.0,5.0
562,441703,9,3,2024,6,20,0,25.0,FINISHED,Eredivisie,2003,LEAGUE,REGULAR_SEASON,RKC,683,Vitesse,679,1.0,0.0,3.0,1.0,4.0,0.0,4.0,-4.0,1.0,14.0,5.0
563,441706,10,3,2024,7,11,15,25.0,FINISHED,Eredivisie,2003,LEAGUE,REGULAR_SEASON,AZ,682,Excelsior,670,3.0,0.0,4.0,0.0,3.0,-1.0,3.0,-3.0,1.0,19.0,5.0
564,444530,10,3,2024,7,11,30,28.0,FINISHED,Serie A,2019,LEAGUE,REGULAR_SEASON,Lecce,5890,Verona,450,0.0,1.0,0.0,1.0,0.0,-4.0,0.0,0.0,1.0,11.0,5.0
565,437113,10,3,2024,7,12,0,37.0,FINISHED,Championship,2016,LEAGUE,REGULAR_SEASON,Huddersfield,394,West Brom,74,1.0,0.0,1.0,4.0,1.0,-2.0,1.0,-1.0,2.0,17.0,5.0
566,442929,10,3,2024,7,12,0,25.0,FINISHED,Ligue 1,2015,LEAGUE,REGULAR_SEASON,PSG,524,Stade de Reims,547,2.0,2.0,2.0,2.0,2.0,0.0,2.0,-2.0,3.0,13.0,5.0
567,437108,10,3,2024,7,12,30,37.0,FINISHED,Championship,2016,LEAGUE,REGULAR_SEASON,Bristol City,387,Swansea,72,0.0,0.0,1.0,0.0,3.0,-1.0,3.0,-3.0,1.0,11.0,5.0
568,436215,10,3,2024,7,13,0,28.0,FINISHED,Premier League,2021,LEAGUE,REGULAR_SEASON,Aston Villa,58,Tottenham,73,0.0,0.0,0.0,4.0,3.0,-2.0,3.0,-3.0,0.0,16.0,5.0
569,441704,10,3,2024,7,13,30,25.0,FINISHED,Eredivisie,2003,LEAGUE,REGULAR_SEASON,Ajax,678,Sittard,1920,1.0,0.0,2.0,2.0,3.0,0.0,3.0,-3.0,2.0,18.0,5.0
570,441701,10,3,2024,7,13,30,25.0,FINISHED,Eredivisie,2003,LEAGUE,REGULAR_SEASON,Zwolle,684,Volendam,1919,0.0,0.0,1.0,1.0,2.0,0.0,2.0,-2.0,3.0,14.0,5.0
571,436216,10,3,2024,7,14,0,28.0,FINISHED,Premier League,2021,LEAGUE,REGULAR_SEASON,Brighton Hove,397,Nottingham,351,1.0,0.0,1.0,0.0,2.0,-1.0,2.0,-2.0,2.0,10.0,5.0
572,442930,10,3,2024,7,14,0,25.0,FINISHED,Ligue 1,2015,LEAGUE,REGULAR_SEASON,Strasbourg,576,Monaco,548,0.0,0.0,0.0,1.0,1.0,-4.0,1.0,-1.0,0.0,15.0,5.0
573,444531,10,3,2024,7,14,0,28.0,FINISHED,Serie A,2019,LEAGUE,REGULAR_SEASON,Milan,98,Empoli,445,1.0,0.0,1.0,0.0,4.0,0.0,4.0,-4.0,1.0,9.0,5.0
574,436221,10,3,2024,7,14,0,28.0,FINISHED,Premier League,2021,LEAGUE,REGULAR_SEASON,West Ham,563,Burnley,328,0.0,2.0,2.0,2.0,2.0,0.0,2.0,-2.0,3.0,12.0,5.0
575,442925,10,3,2024,7,14,0,25.0,FINISHED,Ligue 1,2015,LEAGUE,REGULAR_SEASON,FC Metz,545,Clermont Foot,541,1.0,0.0,1.0,0.0,2.0,-1.0,2.0,-2.0,2.0,11.0,5.0
576,442923,10,3,2024,7,14,0,25.0,FINISHED,Ligue 1,2015,LEAGUE,REGULAR_SEASON,Le Havre,533,Toulouse,511,0.0,0.0,1.0,0.0,2.0,-2.0,2.0,-2.0,1.0,11.0,5.0
577,442007,10,3,2024,7,14,30,25.0,FINISHED,Bundesliga,2002,LEAGUE,REGULAR_SEASON,Bochum,36,Freiburg,17,0.0,1.0,1.0,2.0,0.0,-5.0,0.0,0.0,0.0,12.0,5.0
578,441702,10,3,2024,7,15,45,25.0,FINISHED,Eredivisie,2003,LEAGUE,REGULAR_SEASON,NEC,1915,Heerenveen,673,0.0,0.0,2.0,0.0,2.0,-1.0,2.0,-2.0,2.0,10.0,5.0
579,436219,10,3,2024,7,15,45,28.0,FINISHED,Premier League,2021,LEAGUE,REGULAR_SEASON,Liverpool,64,Man City,65,0.0,1.0,1.0,1.0,1.0,-2.0,1.0,-1.0,2.0,15.0,5.0
580,442928,10,3,2024,7,16,0,25.0,FINISHED,Ligue 1,2015,LEAGUE,REGULAR_SEASON,Lille,521,Stade Rennais,529,0.0,2.0,2.0,2.0,1.0,0.0,1.0,-1.0,4.0,18.0,5.0
581,442011,10,3,2024,7,16,30,25.0,FINISHED,Bundesliga,2002,LEAGUE,REGULAR_SEASON,Frankfurt,19,Hoffenheim,2,1.0,1.0,3.0,1.0,3.0,-1.0,3.0,-3.0,1.0,22.0,5.0
582,444528,10,3,2024,7,17,0,28.0,FINISHED,Serie A,2019,LEAGUE,REGULAR_SEASON,Juventus,109,Atalanta,102,0.0,1.0,2.0,2.0,1.0,0.0,1.0,-1.0,4.0,14.0,5.0
583,442008,10,3,2024,7,18,30,25.0,FINISHED,Bundesliga,2002,LEAGUE,REGULAR_SEASON,Leverkusen,3,Wolfsburg,11,1.0,0.0,2.0,0.0,3.0,0.0,3.0,-3.0,2.0,11.0,5.0
584,441699,10,3,2024,7,19,0,25.0,FINISHED,Eredivisie,2003,LEAGUE,REGULAR_SEASON,Feyenoord,675,Heracles,671,2.0,0.0,3.0,0.0,4.0,0.0,4.0,-4.0,1.0,17.0,5.0
585,442927,10,3,2024,7,19,45,25.0,FINISHED,Ligue 1,2015,LEAGUE,REGULAR_SEASON,Marseille,516,Nantes,543,1.0,0.0,2.0,0.0,4.0,0.0,4.0,-4.0,1.0,14.0,5.0
586,444526,10,3,2024,7,19,45,28.0,FINISHED,Serie A,2019,LEAGUE,REGULAR_SEASON,Fiorentina,99,Roma,100,1.0,0.0,2.0,2.0,2.0,-1.0,2.0,-2.0,2.0,13.0,5.0
587,444529,11,3,2024,1,19,45,28.0,FINISHED,Serie A,2019,LEAGUE,REGULAR_SEASON,Lazio,110,Udinese,115,0.0,0.0,1.0,2.0,2.0,-1.0,2.0,-2.0,2.0,9.0,5.0
588,436217,11,3,2024,1,20,0,28.0,FINISHED,Premier League,2021,LEAGUE,REGULAR_SEASON,Chelsea,61,Newcastle,67,1.0,1.0,3.0,2.0,2.0,-2.0,2.0,-2.0,1.0,21.0,5.0
589,437012,12,3,2024,2,19,45,29.0,FINISHED,Championship,2016,LEAGUE,REGULAR_SEASON,Birmingham,332,Middlesbrough,343,0.0,1.0,0.0,1.0,0.0,-5.0,0.0,0.0,0.0,9.0,5.0
590,493752,13,3,2024,3,0,30,2.0,FINISHED,Copa Libertadores,2152,CUP,ROUND_3,Palestino,4460,Club Nacional,5188,0.0,1.0,3.0,1.0,2.0,0.0,2.0,-2.0,0.0,6.0,2.0
591,436103,13,3,2024,3,19,30,17.0,FINISHED,Premier League,2021,LEAGUE,REGULAR_SEASON,Bournemouth,1044,Luton Town,389,0.0,3.0,4.0,3.0,2.0,-3.0,2.0,-2.0,0.0,19.0,5.0
592,493751,14,3,2024,4,0,30,2.0,FINISHED,Copa Libertadores,2152,CUP,ROUND_3,Colo-Colo,4410,Trinidense,10359,2.0,1.0,2.0,1.0,1.0,0.0,1.0,-1.0,1.0,5.0,2.0
593,493750,14,3,2024,4,0,30,2.0,FINISHED,Copa Libertadores,2152,CUP,ROUND_3,Bragantino,4286,Botafogo,1770,0.0,0.0,1.0,1.0,0.0,-3.0,0.0,0.0,2.0,14.0,5.0
594,493749,15,3,2024,5,0,30,2.0,FINISHED,Copa Libertadores,2152,CUP,ROUND_3,Club Nacional,7055,Always Ready,7865,1.0,1.0,5.0,4.0,1.0,-1.0,1.0,-1.0,0.0,10.0,2.0
